CVE_MUN,municipio,estado,NOM_ACUI,rha,POB_TOT,IM_2020,VA_Industrial,VA_Agricola,Tax_Ind_Millones,Vol_Extraccion_Total
1001,Aguascalientes,Aguascalientes,ENCARNACIÓN,Lerma-Santiago-Pacífico,948990.0,60.3187950417198,250183.301,53.583,165.90132,132.5122
1002,Asientos,Aguascalientes,PRIMO VERDAD,Lerma-Santiago-Pacífico,51536.0,56.546071016613,101.431,0.0,3.06096,48.10575
1003,Calvillo,Aguascalientes,ENCARNACIÓN,Lerma-Santiago-Pacífico,58250.0,57.0582509369582,1782.832,5.714,0.93443,81.47925
1004,Cosío,Aguascalientes,VALLE DE AGUASCALIENTES,Lerma-Santiago-Pacífico,17000.0,57.1140301001378,683.868,0.0,0.0,26.43184
1005,Jesús María,Aguascalientes,VENADERO,Lerma-Santiago-Pacífico,129929.0,59.0117616967172,41886.869,0.38,16.23277,44.735609999999994
1006,Pabellón de Arteaga,Aguascalientes,VALLE DE CHICALOTE,Lerma-Santiago-Pacífico,47646.0,58.6247678266779,665.852,0.0,0.1473,41.702580000000005
1007,Rincón de Romos,Aguascalientes,VALLE DE AGUASCALIENTES,Lerma-Santiago-Pacífico,57369.0,57.6466713495514,4242.823,0.675,2.50162,54.09823
1008,San José de Gracia,Aguascalientes,JALPA-JUCHIPILA,Lerma-Santiago-Pacífico,9552.0,57.5275305589345,58.203,0.0,0.0,6.41663
1009,Tepezalá,Aguascalientes,VALLE DE CHICALOTE,Lerma-Santiago-Pacífico,22485.0,56.6043143837497,6722.11,0.0,5.76417,32.810610000000004
1010,El Llano,Aguascalientes,ENCARNACIÓN,Lerma-Santiago-Pacífico,20853.0,56.5557942161932,752.0619999999999,0.0,0.0,20.41163
1011,San Francisco de los Romo,Aguascalientes,VALLE DE CHICALOTE,Lerma-Santiago-Pacífico,61997.0,58.5520978333435,35281.994,0.0,47.26429,22.619670000000003
2001,Ensenada,Baja California,SAN SIMÓN,Península de Baja California,443807.0,58.082237567032,30240.082,6686.777,7.13949,417.40326
2002,Mexicali,Baja California,EL CHINERO,Península de Baja California,1049792.0,59.3849890945595,180172.46,333.034,84.06041,2218.23663
2003,Tecate,Baja California,LAGUNA SALADA,Península de Baja California,108440.0,58.3900774399861,29457.209000000003,0.0,0.35331,16.9988
2004,Tijuana,Baja California,LA MISIÓN,Península de Baja California,1922523.0,59.1402868170204,331766.707,0.0,13.82831,11.57637
2005,Playas de Rosarito,Baja California,LA MISIÓN,Península de Baja California,126890.0,58.291417465293,9030.17,0.0,1.00357,6.63686
2006,San Quintín,Baja California,VIZCAÍNO,Península de Baja California,117568.0,53.3990400136774,293.014,389.261,0.0,10.37136
2030,San Felipe,Baja California,LAGUNA DE CHAPALA,,,,0.0,0.0,0.0,0.0
3001,Comondú,Baja California Sur,ALFREDO V. BONFIL,Península de Baja California,73021.0,58.2638228268869,1344.1750000000002,1170.5,2.30272,176.82009
3002,Mulegé,Baja California Sur,LA PURÍSIMA,Península de Baja California,64022.0,57.4925673102967,1581.81,1667.365,0.09941,60.62181999999999
3008,Los Cabos,Baja California Sur,CABO SAN LUCAS,Península de Baja California,351111.0,58.7357270060101,2417.594,23.902,21.8503,43.33833
3024,Loreto,Baja California Sur,SANTO DOMINGO,,,,0.0,0.0,0.0,0.0
3070,La Paz,Baja California Sur,MIGRIÑO,,,,0.0,0.0,0.0,0.0
4001,Calkiní,Campeche,PENÍNSULA DE YUCATÁN,Península de Yucatán,59232.0,55.3812819245503,936.697,192.958,0.11117,25.1243
4002,Campeche,Campeche,PENÍNSULA DE YUCATÁN,Península de Yucatán,294077.0,58.6407010357592,4387.662,880.562,2.27672,321.83861
4003,Carmen,Campeche,LOS RÍOS,Península de Yucatán,248845.0,58.0950832846142,1583.234,1505.754,2.78248,556.67153
4004,Champotón,Campeche,PENÍNSULA DE YUCATÁN,Península de Yucatán,78170.0,54.8325989080778,2069.547,831.836,0.07849,333.76215
4005,Hecelchakán,Campeche,PENÍNSULA DE YUCATÁN,Península de Yucatán,31917.0,55.6860046589221,292.02700000000004,0.0,0.03505,24.99061
4006,Hopelchén,Campeche,XPUJIL,Península de Yucatán,42140.0,53.6026514197597,196.097,0.0,0.00791,169.97302000000002
4007,Palizada,Campeche,LOS RÍOS,Península de Yucatán,8683.0,52.7603020275498,18.217,127.753,2.79624,54.34408
4008,Tenabo,Campeche,PENÍNSULA DE YUCATÁN,Península de Yucatán,11452.0,55.1820078528213,452.711,0.0,0.06504,31.04355
4009,Escárcega,Campeche,PENÍNSULA DE YUCATÁN,Península de Yucatán,59923.0,54.8902956416295,407.847,1.448,0.03116,78.38604
4010,Calakmul,Campeche,XPUJIL,Península de Yucatán,31714.0,50.7093716101968,67.149,0.0,0.0,7.04451
4011,Candelaria,Campeche,BOCA DEL CERRO,Península de Yucatán,46913.0,50.5139363387235,46.44,9.122,0.00205,58.26122
4012,Seybaplaya,Campeche,PENÍNSULA DE YUCATÁN,Península de Yucatán,15297.0,55.8783319762054,74.318,122.164,0.0,0.0
4013,Dzitbalché,Campeche,PENÍNSULA DE YUCATÁN,Península de Yucatán,,,149.492,0.0,0.0,0.0
5001,Abasolo,Coahuila de Zaragoza,MONCLOVA,Río Bravo,1022.0,57.8201477198815,0.0,0.0,0.0,12.93439
5002,Acuña,Coahuila de Zaragoza,REGIÓN CARBONÍFERA,Río Bravo,163058.0,58.4817122918216,38440.371,0.0,0.10409,17.340580000000003
5004,Allende,Coahuila de Zaragoza,ALLENDE-PIEDRAS NEGRAS,Río Bravo,29578.0,58.0449869593202,21161.107,0.0,2.79585,62.203300000000006
5005,Candela,Coahuila de Zaragoza,CASTAÑOS,Río Bravo,1643.0,55.9194917338476,9.804,0.0,0.0,0.92445
5006,Castaños,Coahuila de Zaragoza,PAREDÓN,Río Bravo,29128.0,59.3106239603317,9808.396,0.0,0.64712,6.8349
5007,Cuatro Ciénegas,Coahuila de Zaragoza,LAS DELICIAS,Río Bravo,12715.0,57.220514347307,915.417,0.0,0.2743,77.10777
5008,Escobedo,Coahuila de Zaragoza,MONCLOVA,Río Bravo,3047.0,56.4434939150664,0.0,0.0,0.0,10.97071
5009,Francisco I. Madero,Coahuila de Zaragoza,PRINCIPAL-REGIÓN LAGUNERA,Cuencas Centrales del Norte,59035.0,57.8246734818765,4305.0470000000005,0.0,0.00408,174.79962
5010,Frontera,Coahuila de Zaragoza,CASTAÑOS,Río Bravo,82409.0,60.0842709636714,39095.515,0.0,0.63491,12.07453
5011,General Cepeda,Coahuila de Zaragoza,SALTILLO SUR,Río Bravo,11898.0,57.1210015864091,58.106,0.0,0.0,40.98315
5014,Guerrero,Coahuila de Zaragoza,REGIÓN CARBONÍFERA,Río Bravo,9502.0,55.4032123875801,79.988,0.0,0.0,41.45591
5016,Lamadrid,Coahuila de Zaragoza,CUATROCIÉNEGAS-OCAMPO,Río Bravo,1764.0,57.3261855621437,13.164,0.0,0.0,2.80326
5017,Matamoros,Coahuila de Zaragoza,ORIENTE AGUANAVAL,Cuencas Centrales del Norte,118337.0,58.1804004142075,7311.868,0.0,0.28856,222.98586
5018,Monclova,Coahuila de Zaragoza,CASTAÑOS,Río Bravo,237951.0,60.4768300568519,78161.421,0.0,1.00723,21.21998
5020,Múzquiz,Coahuila de Zaragoza,MONCLOVA,Río Bravo,71627.0,58.9049613636146,1118.888,0.0,0.05027,24.15398
5021,Nadadores,Coahuila de Zaragoza,CUATROCIÉNEGAS-OCAMPO,Río Bravo,6539.0,57.7527937612693,7.238,0.0,0.0,6.54622
5022,Nava,Coahuila de Zaragoza,ALLENDE-PIEDRAS NEGRAS,Río Bravo,33129.0,58.9554821241229,65898.891,0.0,13.36869,53.45687
5024,Parras,Coahuila de Zaragoza,CEDROS,Cuencas Centrales del Norte,44472.0,57.9477297945311,1948.43,0.0,1.33438,69.99519
5025,Piedras Negras,Coahuila de Zaragoza,ALLENDE-PIEDRAS NEGRAS,Río Bravo,176327.0,59.2727558881289,30626.544,0.0,0.14485,5.04709
5027,Ramos Arizpe,Coahuila de Zaragoza,CAMPO BUENOS AIRES,Río Bravo,122243.0,60.1650088427359,297304.497,0.0,112.28079,53.12537
5028,Sabinas,Coahuila de Zaragoza,REGIÓN CARBONÍFERA,Río Bravo,64811.0,59.7511520314129,11489.702,0.0,0.0216,7.55855
5029,Sacramento,Coahuila de Zaragoza,CASTAÑOS,Río Bravo,2471.0,57.4433073588306,5.397,0.0,0.0,4.43752
5030,Saltillo,Coahuila de Zaragoza,EL SALVADOR,Río Bravo,879958.0,60.7375040578758,355205.819,4.458,38.69455,49.698510000000006
5031,Juárez,Coahuila de Zaragoza,REGIÓN CARBONÍFERA,Río Bravo,24759.0,59.9613705887526,382.219,0.0,0.0,27.65639
5032,San Juan de Sabinas,Coahuila de Zaragoza,REGIÓN CARBONÍFERA,Río Bravo,42260.0,59.7579886590898,1156.3539999999998,0.0,2.52905,33.72214
5033,San Pedro,Coahuila de Zaragoza,PRINCIPAL-REGIÓN LAGUNERA,Cuencas Centrales del Norte,101041.0,57.059406535828,4328.554,0.0,0.0,370.69578
5034,Sierra Mojada,Coahuila de Zaragoza,CEBALLOS,Cuencas Centrales del Norte,6744.0,57.9045374458784,9.226,0.0,0.0,5.3613800000000005
5035,Torreón,Coahuila de Zaragoza,ORIENTE AGUANAVAL,Cuencas Centrales del Norte,720848.0,60.2884207175746,196216.745,102.262,74.94285,118.3588
5036,Viesca,Coahuila de Zaragoza,CEDROS,Cuencas Centrales del Norte,20305.0,54.8588292288359,16.253,1.937,0.0,48.55137
5037,Villa Unión,Coahuila de Zaragoza,REGIÓN CARBONÍFERA,Río Bravo,6188.0,58.337700821595,20.849,0.0,0.0,13.9202
5044,Jiménez,Coahuila de Zaragoza,ALLENDE-PIEDRAS NEGRAS,,,,0.0,0.0,0.0,0.0
5056,Morelos,Coahuila de Zaragoza,REGIÓN CARBONÍFERA,,,,0.0,0.0,0.0,0.0
5059,Progreso,Coahuila de Zaragoza,MONCLOVA,,,,0.0,0.0,0.0,0.0
5061,Ocampo,Coahuila de Zaragoza,LAGUNA DEL REY-SIERRA MOJADA,,,,0.0,0.0,0.0,0.0
5211,Zaragoza,Coahuila de Zaragoza,REGIÓN CARBONÍFERA,,,,0.0,0.0,0.0,0.0
6001,Armería,Colima,ARMERÍA-TECOMÁN-PERIQUILLOS,Lerma-Santiago-Pacífico,27626.0,56.4059237449604,455.087,28.689,0.33686,188.37809
6002,Colima,Colima,COAHUAYANA,Lerma-Santiago-Pacífico,157048.0,59.7711755354347,4487.187,6.593999999999999,6.97671,127.14142
6003,Comala,Colima,ALZADA-TEPAMES,Lerma-Santiago-Pacífico,21661.0,57.1625072020632,134.55,3.583,0.29053,122.18365
6004,Coquimatlán,Colima,ARMERÍA-TECOMÁN-PERIQUILLOS,Lerma-Santiago-Pacífico,20837.0,57.1251916292823,85.122,27.519,0.01338,187.99765
6006,Ixtlahuacán,Colima,COAHUAYANA,Lerma-Santiago-Pacífico,5623.0,55.0289760226252,15.681,0.0,0.0,33.46134
6007,Manzanillo,Colima,ARMERÍA-TECOMÁN-PERIQUILLOS,Lerma-Santiago-Pacífico,191031.0,59.7547410038696,2292.126,1217.17,18.92046,105.26564
6008,Minatitlán,Colima,ARMERÍA-TECOMÁN-PERIQUILLOS,Lerma-Santiago-Pacífico,10231.0,57.3805329920052,22.352,0.056,75.91176,18.34889
6009,Tecomán,Colima,COAHUAYANA,Lerma-Santiago-Pacífico,116305.0,57.1954216340676,12704.223,432.311,18.32587,698.6344399999999
6010,Villa de Álvarez,Colima,ARMERÍA-TECOMÁN-PERIQUILLOS,Lerma-Santiago-Pacífico,149762.0,60.5120922228991,709.47,0.333,0.86701,105.89072
7001,Acacoyagua,Chiapas,ACAPETAHUA,Frontera Sur,17994.0,53.2907904738896,81.924,0.227,0.0,15.36675
7002,Aldama,Chiapas,LA SIERRA,Frontera Sur,21187.0,53.3009496928406,52.28,0.796,0.0,22.780700000000003
7003,Acapetahua,Chiapas,ACAPETAHUA,Frontera Sur,26899.0,52.1499492969481,690.122,46.509,1.66762,65.86603000000001
7004,Altamirano,Chiapas,OCOSINGO,Frontera Sur,36160.0,49.7840661417914,43.705,0.0,0.0,0.60316
7005,Amatán,Chiapas,LA SIERRA,Frontera Sur,24512.0,48.7593250790908,11.986,0.0,0.0,0.00064
7006,Amatenango de la Frontera,Chiapas,CHICOMUSELO,Frontera Sur,31735.0,52.2296012272431,4.554,0.0,0.0,0.47597
7007,Emiliano Zapata,Chiapas,FRAYLESCA,Frontera Sur,11283.0,45.981946197677,71.773,0.0,0.0,0.94411
7008,Ángel Albino Corzo,Chiapas,CHICOMUSELO,Frontera Sur,31947.0,51.5472580763044,82.435,0.0,0.0066,0.53329
7009,Arriaga,Chiapas,ARRIAGA-PIJIJIAPAN,Frontera Sur,41135.0,54.5793351882981,982.058,151.518,0.45022,17.422349999999998
7010,Bejucal de Ocampo,Chiapas,CHICOMUSELO,Frontera Sur,7365.0,49.7756697893572,0.5509999999999999,0.0,0.0,0.01898
7011,Bella Vista,Chiapas,CHICOMUSELO,Frontera Sur,20157.0,51.5097790448289,1.835,0.0,0.0,1.3550399999999998
7012,Berriozábal,Chiapas,CINTALAPA,Frontera Sur,64632.0,53.2988113851827,750.196,0.0,0.11391,5.34085
7013,Bochil,Chiapas,TUXTLA,Frontera Sur,37263.0,52.0224667435321,71.076,0.0,0.0,0.15961
7014,El Bosque,Chiapas,LA SIERRA,Frontera Sur,24273.0,50.0944470305582,12.415,0.0,0.0,0.07121
7015,Cacahoatán,Chiapas,SOCONUSCO,Frontera Sur,50112.0,54.5750731851716,90.468,0.0,0.0,3.5070099999999997
7016,Catazajá,Chiapas,PALENQUE,Frontera Sur,17619.0,52.1298806862818,18.278,33.837,0.0,0.75418
7017,Cintalapa de Figueroa,Chiapas,ARRIAGA-PIJIJIAPAN,Frontera Sur,88106.0,53.7799251744326,304.31100000000004,0.0,0.03542,25.430850000000003
7018,Coapilla,Chiapas,TUXTLA,Frontera Sur,9900.0,52.2651458294411,26.444,0.0,0.0,0.15842
7019,Comitán de Domínguez,Chiapas,LA TRINITARIA,Frontera Sur,166178.0,54.9683255947039,1146.936,0.0,0.25463,14.10027
7020,La Concordia,Chiapas,ACAPETAHUA,Frontera Sur,49920.0,50.345273777775,76.00200000000001,49.409,0.0,96.04062
7021,Copainalá,Chiapas,TUXTLA,Frontera Sur,22192.0,53.1786471264422,29.166,0.0,0.00192,1.72331
7022,Chalchihuitán,Chiapas,LA SIERRA,Frontera Sur,21915.0,37.8069459586062,5.374,0.0,0.0,0.0
7023,Chamula,Chiapas,SAN CRISTÓBAL LAS CASAS,Frontera Sur,101967.0,46.3278465780139,24.424,0.0,0.0,0.07228
7024,Chanal,Chiapas,SAN CRISTÓBAL LAS CASAS,Frontera Sur,13678.0,46.4378836071254,10.502,0.0,0.0,0.0
7025,Chapultenango,Chiapas,LA SIERRA,Frontera Sur,7472.0,51.5044924730301,9.901,0.0,0.0,0.0
7026,Chenalhó,Chiapas,LA SIERRA,Frontera Sur,47371.0,45.4293080626882,18.821,0.0,0.0,0.02239
7027,Chiapa de Corzo,Chiapas,FRAYLESCA,Frontera Sur,112075.0,55.0370926693881,2727.9669999999996,7.114000000000001,1.0797,33.45794
7028,Chiapilla,Chiapas,TUXTLA,Frontera Sur,6156.0,51.6651883576316,12.767,0.0,0.0,6.11949
7029,Chicoasén,Chiapas,TUXTLA,Frontera Sur,5402.0,53.411133839476,15.313,0.0,0.06386,0.64113
7030,Chicomuselo,Chiapas,CHICOMUSELO,Frontera Sur,36785.0,50.6852195036764,17.934,0.0,0.0,8.91525
7031,Juárez,Chiapas,LA SIERRA,Frontera Sur,137262.0,45.2557776016108,65.108,0.0,0.0,0.07473
7032,Escuintla,Chiapas,ACAPETAHUA,Frontera Sur,30896.0,52.5820017564812,66.327,0.0,0.0302,13.847040000000002
7033,Francisco León,Chiapas,REFORMA,Frontera Sur,7245.0,49.9740571910312,0.927,0.0,0.0,0.0
7034,Frontera Comalapa,Chiapas,CHICOMUSELO,Frontera Sur,80897.0,53.310646120513,71.092,0.0,0.0,63.00787
7035,Frontera Hidalgo,Chiapas,SOCONUSCO,Frontera Sur,14556.0,52.3329033180957,14.172,0.0,0.18783,17.64544
7036,La Grandeza,Chiapas,CHICOMUSELO,Frontera Sur,7701.0,52.0599373900267,1.341,0.0,0.0,0.0
7037,Huehuetán,Chiapas,SOCONUSCO,Frontera Sur,36333.0,52.5506286011626,70.829,0.0,0.0,96.52648
7038,Huixtán,Chiapas,SAN CRISTÓBAL LAS CASAS,Frontera Sur,22975.0,48.5315608456366,5.337,0.0,0.0,0.00776
7039,Huitiupán,Chiapas,LA SIERRA,Frontera Sur,27893.0,48.9210111099177,13.36,0.0,0.0,0.0
7040,Huixtla,Chiapas,SOCONUSCO,Frontera Sur,53242.0,54.488482551691,2796.405,0.0,1.04808,15.0852
7041,La Independencia,Chiapas,COMITÁN,Frontera Sur,46409.0,52.2893584036738,61.035,0.0,0.0,10.2513
7042,Ixhuatán,Chiapas,LA SIERRA,Frontera Sur,11377.0,52.9477110108393,17.436,0.0,0.0,0.0
7043,Ixtacomitán,Chiapas,LA SIERRA,Frontera Sur,10961.0,53.4659644235862,22.095,0.0,0.0,0.00329
7044,Ixtapa,Chiapas,TUXTLA,Frontera Sur,28999.0,51.6527299008629,22.103,0.0,0.0,1.49097
7045,Ixtapangajoya,Chiapas,LA SIERRA,Frontera Sur,6284.0,51.0570492659982,3.1319999999999997,0.0,0.0,0.02957
7046,Jiquipilas,Chiapas,ARRIAGA-PIJIJIAPAN,Frontera Sur,41063.0,53.4321289661094,50.776,0.0,0.00641,17.31912
7047,Jitotol,Chiapas,TUXTLA,Frontera Sur,24966.0,52.5191148773229,16.328,0.0,0.0,0.63361
7049,Larráinzar,Chiapas,TUXTLA,Frontera Sur,31259.0,50.5089646729303,24.337,0.0,0.0,0.32431
7050,La Libertad,Chiapas,PALENQUE,Frontera Sur,5232.0,52.6928205936953,7.1819999999999995,0.0,0.00343,2.62169
7051,Mapastepec,Chiapas,ACAPETAHUA,Frontera Sur,46130.0,53.0837629810148,670.924,19.558,0.44176,40.5551
7052,Las Margaritas,Chiapas,COMITÁN,Frontera Sur,141027.0,49.1299085992887,134.687,0.0,0.0,12.97396
7053,Mazapa de Madero,Chiapas,SOCONUSCO,Frontera Sur,7901.0,52.5462404399952,0.8719999999999999,0.0,0.0,0.0
7054,Mazatán,Chiapas,SOCONUSCO,Frontera Sur,28250.0,52.3810255780799,53.178,7.117999999999999,0.0,65.72915
7055,Metapa,Chiapas,SOCONUSCO,Frontera Sur,5876.0,53.7172061335794,10.806,0.0,0.01891,1.86601
7056,Mitontic,Chiapas,LA SIERRA,Frontera Sur,13755.0,45.5708330998031,1.774,0.0,0.0,0.0
7057,Motozintla,Chiapas,SOCONUSCO,Frontera Sur,76398.0,53.0043935129513,266.038,0.0,0.07091,1.4500700000000002
7058,Nicolás Ruíz,Chiapas,LA TRINITARIA,Frontera Sur,4765.0,51.4857630626166,7.937,0.0,0.0,0.0
7059,Ocosingo,Chiapas,MARQUÉS DE COMILLAS,Frontera Sur,234661.0,47.0642589778532,312.454,0.0,0.00312,2.64166
7061,Ocozocoautla de Espinosa,Chiapas,FRAYLESCA,Frontera Sur,97397.0,52.7896289931032,4078.883,72.547,1.58763,11.88786
7062,Ostuacán,Chiapas,REFORMA,Frontera Sur,18469.0,51.6489356841444,308.263,447.757,1.73602,3.94118
7063,Osumacinta,Chiapas,TUXTLA,Frontera Sur,3983.0,54.564009802543,8.455,0.0,0.0,0.04654
7064,Oxchuc,Chiapas,SAN CRISTÓBAL LAS CASAS,Frontera Sur,54932.0,40.8340559064578,33.368,0.0,0.0,0.0
7065,Palenque,Chiapas,OCOSINGO,Frontera Sur,132265.0,52.6741669326229,1077.223,5.784,2.23476,19.868140000000004
7066,Pantelhó,Chiapas,LA SIERRA,Frontera Sur,26391.0,45.4935597483737,22.363,0.0,0.0,0.0
7067,Pantepec,Chiapas,TUXTLA,Frontera Sur,12266.0,49.7245203468974,8.559,0.0,0.0,0.0
7068,Pichucalco,Chiapas,LA SIERRA,Frontera Sur,31919.0,53.8688979626885,65.224,0.0,0.0,4.34999
7069,Pijijiapan,Chiapas,ACAPETAHUA,Frontera Sur,51193.0,52.2159881034543,205.403,41.327,0.01018,10.44192
7070,El Porvenir,Chiapas,ACAPETAHUA,Frontera Sur,12263.0,52.9851964072576,2.546,0.0,0.0,0.0
7071,Villa Comaltitlán,Chiapas,SOCONUSCO,Frontera Sur,30297.0,52.1712242149923,209.798,0.0,0.42983,12.278289999999998
7072,Pueblo Nuevo Solistahuacán,Chiapas,TUXTLA,Frontera Sur,29636.0,50.3948368506767,42.907,0.0,0.0,0.02715
7074,Reforma,Chiapas,REFORMA,Frontera Sur,44829.0,56.2836431212427,43593.274,0.0,4.92586,27.55104
7075,Las Rosas,Chiapas,LA TRINITARIA,Frontera Sur,28829.0,50.0594556971995,64.731,0.0,0.0,38.68172
7076,Sabanilla,Chiapas,LA SIERRA,Frontera Sur,29889.0,48.9361378462015,13.127,0.0,0.0,0.0
7077,Salto de Agua,Chiapas,LA SIERRA,Frontera Sur,64251.0,48.0926829231702,40.469,0.0,0.03328,0.09231
7078,San Cristóbal de las Casas,Chiapas,SAN CRISTÓBAL LAS CASAS,Frontera Sur,215874.0,55.8329040362097,4990.05,0.0,1.12141,1.47358
7079,San Fernando,Chiapas,TUXTLA,Frontera Sur,41793.0,53.246705867343,146.763,0.0,0.0,0.64005
7080,Siltepec,Chiapas,ACAPETAHUA,Frontera Sur,25937.0,50.8504760253906,8.213,0.0,0.0,0.36556
7081,Simojovel,Chiapas,LA SIERRA,Frontera Sur,52935.0,48.6987056909843,98.179,0.0,0.0,0.01521
7082,Sitalá,Chiapas,LA SIERRA,Frontera Sur,15518.0,35.9017299159572,6.728,0.0,0.0,0.0
7083,Socoltenango,Chiapas,CHICOMUSELO,Frontera Sur,19092.0,51.8389002231647,25.728,1.975,0.00048,45.57778
7084,Solosuchiapa,Chiapas,LA SIERRA,Frontera Sur,8561.0,52.3585588020491,9.781,0.0,0.0,0.18144
7085,Soyaló,Chiapas,TUXTLA,Frontera Sur,10890.0,52.4575014394617,19.771,0.0,0.00818,0.0256
7086,Suchiapa,Chiapas,FRAYLESCA,Frontera Sur,25627.0,54.1829143338017,70.71199999999999,0.0,0.0,7.94176
7087,Suchiate,Chiapas,SOCONUSCO,Frontera Sur,41672.0,51.2573346789155,82.887,1.775,0.00715,277.58094
7088,Sunuapa,Chiapas,REFORMA,Frontera Sur,2308.0,51.7437643596455,4.521,0.0,0.0,0.0
7089,Tapachula,Chiapas,SOCONUSCO,Frontera Sur,353706.0,55.5116640419866,5388.135,726.497,4.36638,186.89768000000004
7090,Tapalapa,Chiapas,TUXTLA,Frontera Sur,4547.0,51.8493451247474,3.851,0.0,0.0,0.0
7091,Tapilula,Chiapas,LA SIERRA,Frontera Sur,13592.0,54.6305559373357,48.884,0.0,0.0,0.0
7092,Tecpatán,Chiapas,TUXTLA,Frontera Sur,21426.0,50.649014322504,39.057,38.078,0.05189,1.39323
7093,Tenejapa,Chiapas,SAN CRISTÓBAL LAS CASAS,Frontera Sur,48162.0,49.8303546585047,19.874,0.0,0.0,0.00308
7094,Teopisca,Chiapas,LA TRINITARIA,Frontera Sur,49499.0,50.0047965654837,158.309,0.0,0.03644,4.98737
7096,Tila,Chiapas,LA SIERRA,Frontera Sur,83505.0,48.3404725600387,37.803,0.0,0.0,0.00526
7097,Tonalá,Chiapas,ARRIAGA-PIJIJIAPAN,Frontera Sur,91913.0,55.0724437277739,585.062,251.824,0.0097,7.21935
7098,Totolapa,Chiapas,LA TRINITARIA,Frontera Sur,7211.0,49.5923052604024,10.952,0.0,0.0,8.75169
7099,La Trinitaria,Chiapas,CHICOMUSELO,Frontera Sur,83111.0,51.782928377283,65.122,0.0,0.01774,56.01323000000001
7100,Tumbalá,Chiapas,LA SIERRA,Frontera Sur,38025.0,47.4784672250844,11.142,0.0,0.0,0.0
7101,Tuxtla Gutiérrez,Chiapas,TUXTLA,Frontera Sur,604147.0,58.3458969364367,9278.044,5.246,2.09378,7.98705
7102,Tuxtla Chico,Chiapas,SOCONUSCO,Frontera Sur,41024.0,52.2950494073419,44.997,0.0,0.01121,14.17088
7103,Tuzantán,Chiapas,SOCONUSCO,Frontera Sur,30302.0,52.5582458193254,56.678,0.0,0.0,3.76712
7104,Tzimol,Chiapas,CHICOMUSELO,Frontera Sur,16560.0,52.9232601681887,30.672,0.0,0.02213,24.12851
7105,Unión Juárez,Chiapas,SOCONUSCO,Frontera Sur,16008.0,53.8027392757174,19.211,0.0,0.0,0.62628
7106,Venustiano Carranza,Chiapas,FRAYLESCA,Frontera Sur,67292.0,50.853665914174,5161.273,15.432,4.06349,64.12176
7107,Villa Corzo,Chiapas,ARRIAGA-PIJIJIAPAN,Frontera Sur,65643.0,51.1558305458545,245.339,46.888,0.0,23.794030000000003
7108,Villaflores,Chiapas,ARRIAGA-PIJIJIAPAN,Frontera Sur,109536.0,53.7093421570287,3756.333,0.0,1.1718,53.40863
7109,Yajalón,Chiapas,LA SIERRA,Frontera Sur,40285.0,49.1812077809565,85.781,0.0,0.0,0.03661
7111,Zinacantán,Chiapas,SAN CRISTÓBAL LAS CASAS,Frontera Sur,45373.0,46.9222208672218,90.135,0.0,0.0,2.52749
7112,San Juan Cancuc,Chiapas,LA SIERRA,Frontera Sur,37948.0,44.1093576214964,18.224,0.0,0.0,0.0
7114,Benemérito de las Américas,Chiapas,MARQUÉS DE COMILLAS,Frontera Sur,23603.0,51.4193366673905,196.771,0.0,0.42448,1.55779
7115,Maravilla Tenejapa,Chiapas,OCOSINGO,Frontera Sur,14714.0,48.6718646044325,10.783,0.0,0.0,0.01704
7116,Marqués de Comillas,Chiapas,MARQUÉS DE COMILLAS,Frontera Sur,12892.0,49.0872296767312,13.864,0.0,0.0,3.38484
7117,Montecristo de Guerrero,Chiapas,CHICOMUSELO,Frontera Sur,8412.0,50.9137510583727,2.819,0.0,0.0,0.0
7118,San Andrés Duraznal,Chiapas,LA SIERRA,Frontera Sur,6047.0,49.319821722491,0.897,0.0,0.0,0.0
7119,Santiago el Pinar,Chiapas,LA SIERRA,Frontera Sur,4959.0,47.997792091263,0.0,0.0,0.0,0.0437599999999999
7120,Capitán Luis Ángel Vidal,Chiapas,ACAPETAHUA,Frontera Sur,4315.0,50.038163850557,0.0,0.0,0.0,0.0
7121,Rincón Chamula San Pedro,Chiapas,TUXTLA,Frontera Sur,8718.0,49.8625241675954,1.452,0.0,0.0,0.80583
7122,El Parral,Chiapas,FRAYLESCA,Frontera Sur,15587.0,53.5005063060139,56.485,3.289,0.0,0.0
7124,Mezcalapa,Chiapas,TUXTLA,Frontera Sur,23847.0,51.2981525524098,18.721,138.197,0.0,0.0
7125,Honduras de la Sierra,Chiapas,ACAPETAHUA,Frontera Sur,11650.0,50.0151909816176,0.0,0.0,0.0,0.0
8001,Ahumada,Chihuahua,LAGUNA DE HORMIGAS,Río Bravo,14635.0,57.8792460709196,1023.192,0.0,0.0,171.6664
8002,Aldama,Chihuahua,CHIHUAHUA-SACRAMENTO,Río Bravo,26047.0,59.6189434907829,1006.8,80.26499999999999,0.00261,144.18901000000002
8004,Aquiles Serdán,Chihuahua,VILLALBA,Río Bravo,24344.0,59.7382969251766,322.14300000000003,0.0,0.28691,4.13976
8005,Ascensión,Chihuahua,CASAS GRANDES,Río Bravo,26093.0,57.103885926836,1471.4160000000002,0.0,0.0,348.18557
8006,Bachíniva,Chihuahua,GUERRERO-YEPÓMERA,Río Bravo,5807.0,56.4884627618087,5.454000000000001,0.0,0.0,36.16191
8007,Balleza,Chihuahua,BOCOYNA,Río Bravo,16440.0,37.0071329897794,8.261,0.0,0.0,7.63626
8008,Cuauhtémoc,Chihuahua,LAGUNA DE MEXICANOS,Pacífico Norte,11270.0,21.4066346942113,13.208,0.0,0.0,0.0
8009,Bocoyna,Chihuahua,RÍO FUERTE,Río Bravo,23351.0,51.0463984941947,247.583,0.0,0.0,1.1288399999999998
8010,Buenaventura,Chihuahua,BAJA BABÍCORA,Río Bravo,25146.0,57.6734348889874,4918.617,0.0,0.0,342.68959
8011,Camargo,Chihuahua,JIMÉNEZ-CAMARGO,Río Bravo,49499.0,59.1702578267324,2919.341,0.0,0.016,245.14908
8012,Carichí,Chihuahua,SAN FELIPE DE JESÚS,Río Bravo,8113.0,36.2118547830645,3.117,0.0,0.0,7.685989999999999
8013,Casas Grandes,Chihuahua,LA NORTEÑA,Río Bravo,11815.0,57.3475230143538,31.379,0.0,1.56013,93.647
8014,Guerrero,Chihuahua,RÍO FUERTE,Río Bravo,2034.0,56.5218322717029,3.882,0.0,0.0,56.27851
8015,Coyame del Sotol,Chihuahua,LOS JUNCOS,Río Bravo,1230.0,55.9134308710109,0.304,0.0,0.0,45.579089999999994
8016,La Cruz,Chihuahua,JIMÉNEZ-CAMARGO,Río Bravo,3704.0,57.2047721222766,2.976,0.0,0.0,52.362269999999995
8017,Matamoros,Chihuahua,CABRERA-OCAMPO,Río Bravo,180638.0,59.7550793825456,18690.01,60.886,16.25358,370.65655
8018,Cusihuiriachi,Chihuahua,CARICHI-NONOAVA,Río Bravo,5099.0,55.5399045676485,0.0,0.0,0.0,52.830009999999994
8019,Chihuahua,Chihuahua,MEOQUI-DELICIAS,Río Bravo,937674.0,61.1241347126691,178712.383,4.71,76.87359,124.68722
8020,Chínipas,Chihuahua,CUCHUJAQUI,Pacífico Norte,6222.0,46.9759049848856,1.432,0.0,2.12621,0.28922
8021,Delicias,Chihuahua,MEOQUI-DELICIAS,Río Bravo,150506.0,59.8239321190413,15564.993,0.0,52.15602,254.14377
8022,Dr. Belisario Domínguez,Chihuahua,ALTO RÍO SAN PEDRO,Río Bravo,2456.0,55.1876973474337,0.0,0.0,0.0,0.73195
8023,Galeana,Chihuahua,IGNACIO ZARAGOZA,Río Bravo,6656.0,56.0690248832298,0.0,0.0,0.0,67.26277
8024,Santa Isabel,Chihuahua,ALTO RÍO SAN PEDRO,Río Bravo,3791.0,57.73560443975,141.943,0.0,0.0,4.44165
8025,Gómez Farías,Chihuahua,BAJA BABÍCORA,Río Bravo,7023.0,57.0518593120914,522.024,0.0,0.0,14.3246
8026,Guadalupe,Chihuahua,VALLE DEL PESO,Río Bravo,2448.0,56.1824495534136,0.707,0.0,0.0,2.50936
8027,Guachochi,Chihuahua,BOCOYNA,Pacífico Norte,50180.0,40.5223159301178,275.23400000000004,0.0,0.00051,1.29504
8029,Guadalupe Y Calvo,Chihuahua,RÍO CULIACÁN,Pacífico Norte,50514.0,39.3476294612872,83.512,0.0,10.20469,0.737
8030,Guazapares,Chihuahua,RÍO FUERTE,Pacífico Norte,8196.0,45.9632185719232,7.438,0.0,0.08897,0.6
8031,Juárez,Chihuahua,LAGUNA DE PATOS,Noroeste,35473.0,55.9626734119232,400.722,9.021,2.20351,170.75735999999998
8032,Hidalgo del Parral,Chihuahua,PARRAL-VALLE DEL VERANO,Río Bravo,116662.0,59.787543846929,5129.541,0.0,0.88944,8.97894
8033,Huejotitán,Chihuahua,BOCOYNA,Río Bravo,824.0,56.1289051917859,0.0,0.0,0.0,1.88488
8034,Ignacio Zaragoza,Chihuahua,BAJA BABÍCORA,Río Bravo,5196.0,56.6376640852616,423.233,0.0,0.0,2.35893
8035,Janos,Chihuahua,CASAS GRANDES,Río Bravo,11005.0,55.7900940274089,3.1670000000000003,0.0,0.0,200.96044
8038,Julimes,Chihuahua,MEOQUI-DELICIAS,Río Bravo,4980.0,57.1009447936851,2.664,0.246,0.0,100.98158
8039,López,Chihuahua,JIMÉNEZ-CAMARGO,Río Bravo,4122.0,56.6285335688641,15.238,0.0,0.0,112.58099
8040,Madera,Chihuahua,GUERRERO-YEPÓMERA,Noroeste,25144.0,57.308730023454,664.348,5.935,20.20401,17.3225
8041,Maguarichi,Chihuahua,RÍO FUERTE,Pacífico Norte,1302.0,43.8861029969325,0.0,0.0,0.0,0.288
8042,Manuel Benavides,Chihuahua,LAGUNA LOS ALAZANES,Río Bravo,1178.0,54.9020494158249,0.207,0.0,0.0,20.06728
8043,Matachí,Chihuahua,GUERRERO-YEPÓMERA,Noroeste,2742.0,56.3693172154256,290.118,0.0,0.0,7.61913
8044,Jiménez,Chihuahua,JIMÉNEZ-CAMARGO,Río Bravo,4314.0,56.5311710069503,238.271,0.0,0.0,13.37269
8045,Meoqui,Chihuahua,MEOQUI-DELICIAS,Río Bravo,44853.0,58.5300430129362,4778.128,0.0,2.38702,373.6123
8047,Moris,Chihuahua,SAN BERNARDO,Noroeste,4447.0,52.8473147515901,2.17,0.0,0.0,0.19
8048,Namiquipa,Chihuahua,GUERRERO-YEPÓMERA,Río Bravo,22712.0,57.3583167051025,799.2529999999999,0.7969999999999999,0.0,268.50777
8049,Nonoava,Chihuahua,BOCOYNA,Río Bravo,2757.0,49.1095128896613,1.162,0.0,0.0,0.14092
8050,Nuevo Casas Grandes,Chihuahua,BUENAVENTURA,Río Bravo,65753.0,59.7135984544129,10739.143,0.0,0.05735,201.50456
8052,Ojinaga,Chihuahua,LAGUNA LOS ALAZANES,Río Bravo,24534.0,58.592368680844,2095.646,138.079,0.98896,132.27608
8053,Praxedis G. Guerrero,Chihuahua,VALLE DE JUÁREZ,Río Bravo,5111.0,56.1029084642484,140.45600000000002,0.0,0.0,56.62262
8054,Riva Palacio,Chihuahua,ALTO RÍO SAN PEDRO,Río Bravo,7695.0,57.3957015514393,890.769,0.0,0.02221,64.17432000000001
8055,Rosales,Chihuahua,MEOQUI-DELICIAS,Río Bravo,16776.0,57.7002206334115,43.442,0.0,0.0,270.05343999999997
8056,Rosario,Chihuahua,BOCOYNA,Río Bravo,2079.0,55.0714721618796,0.22,0.0,0.0,2.11266
8057,San Francisco de Borja,Chihuahua,SAN FELIPE DE JESÚS,Río Bravo,2197.0,53.8065434665338,0.856,0.0,0.0,6.09973
8058,San Francisco de Conchos,Chihuahua,JIMÉNEZ-CAMARGO,Río Bravo,2696.0,57.522137155796,0.0,0.722,0.0,49.71789
8059,San Francisco del Oro,Chihuahua,PROVIDENCIA,Río Bravo,5004.0,57.9758583067828,25.94,0.0,5.78486,0.8277700000000001
8060,Santa Bárbara,Chihuahua,PROVIDENCIA,Río Bravo,11582.0,59.0695487231787,30.188,0.0,1.03667,81.70017
8061,Satevó,Chihuahua,SAN FELIPE DE JESÚS,Río Bravo,3414.0,56.3293489861721,0.566,0.0,2.7284,17.79647
8062,Saucillo,Chihuahua,JIMÉNEZ-CAMARGO,Río Bravo,29862.0,58.2701677860254,876.435,0.0,0.21714,198.16924
8063,Temósachic,Chihuahua,SAN BERNARDO,Noroeste,5320.0,53.9090226568948,0.979,0.0,0.0,7.74522
8064,El Tule,Chihuahua,BOCOYNA,Río Bravo,1448.0,55.0102836569811,0.0,0.0,0.0,1.27511
8065,Urique,Chihuahua,RÍO FUERTE,Pacífico Norte,17043.0,36.7851601354547,2.522,0.0,0.45615,1.106
8066,Uruachi,Chihuahua,RÍO FUERTE,Noroeste,6512.0,41.6391520113259,0.0,0.0,0.0,0.0
8067,Valle de Zaragoza,Chihuahua,SAN FELIPE DE JESÚS,Río Bravo,4775.0,56.0284819036415,22.146,0.0,0.0,25.77815
9002,Azcapotzalco,Ciudad de México,ZONA METROPOLITANA DE LA CD. DE MÉXICO,Aguas del Valle de México,432205.0,60.637957252589,231638.237,0.0,67.06996,7.66495
9003,Coyoacán,Ciudad de México,ZONA METROPOLITANA DE LA CD. DE MÉXICO,Aguas del Valle de México,614447.0,60.8769530595478,57216.958,0.0,16.28082,5.28328
9004,Benito Juárez,Ciudad de México,ZONA METROPOLITANA DE LA CD. DE MÉXICO,Aguas del Valle de México,217686.0,60.4421617230741,9606.341,0.0,1.9569,0.66926
9005,Gustavo A. Madero,Ciudad de México,ZONA METROPOLITANA DE LA CD. DE MÉXICO,Aguas del Valle de México,1173351.0,60.0921224607171,39297.375,4.987,12.30991,0.99668
9006,Iztacalco,Ciudad de México,ZONA METROPOLITANA DE LA CD. DE MÉXICO,Aguas del Valle de México,404695.0,60.4422454901315,37801.534,0.0,29.46462,1.43914
9007,Iztapalapa,Ciudad de México,ZONA METROPOLITANA DE LA CD. DE MÉXICO,Aguas del Valle de México,1835486.0,59.5445475030509,97788.531,0.0,17.68321,1.5198
9008,La Magdalena Contreras,Ciudad de México,ZONA METROPOLITANA DE LA CD. DE MÉXICO,Aguas del Valle de México,247622.0,59.6833405260121,716.3259999999999,0.0,0.95666,0.04
9009,Milpa Alta,Ciudad de México,CUAUTLA-YAUTEPEC,Aguas del Valle de México,152685.0,57.2813027602769,1041.565,0.0,0.0,0.0398
9010,Álvaro Obregón,Ciudad de México,ZONA METROPOLITANA DE LA CD. DE MÉXICO,Aguas del Valle de México,759137.0,60.4870520786772,21131.793,0.0,1.55315,1.24612
9011,Tláhuac,Ciudad de México,CHALCO-AMECAMECA,Aguas del Valle de México,392313.0,59.325104804355,9244.921,0.0,0.0,0.09685
9012,Tlalpan,Ciudad de México,CUERNAVACA,Aguas del Valle de México,699928.0,59.5683005202987,22295.44,0.0,0.49137,0.06934
9013,Xochimilco,Ciudad de México,ZONA METROPOLITANA DE LA CD. DE MÉXICO,Aguas del Valle de México,442178.0,58.5571719595363,32869.826,0.0,2.7339,0.46897
9016,Miguel Hidalgo,Ciudad de México,ZONA METROPOLITANA DE LA CD. DE MÉXICO,Aguas del Valle de México,414470.0,61.2214578697982,28565.567,0.0,100.26552,13.30792
9106,Venustiano Carranza,Ciudad de México,ZONA METROPOLITANA DE LA CD. DE MÉXICO,,,,0.0,0.0,0.0,0.0
10001,Canatlán,Durango,RÍO PRESIDIO,Pacífico Norte,31454.0,56.6960494329267,413.674,0.0,0.0,62.49464
10002,Canelas,Durango,RÍO SAN LORENZO,Pacífico Norte,4321.0,50.8021460659875,4.363,0.0,0.0,0.17282
10003,Coneto de Comonfort,Durango,SAN JUAN DEL RÍO,Cuencas Centrales del Norte,4084.0,55.3986423304642,0.0,0.0,0.0,0.91227
10004,Cuencamé,Durango,HIDALGO,Cuencas Centrales del Norte,34955.0,56.9816697852868,413.326,0.0,19.20486,36.365269999999995
10005,Durango,Durango,VALLE ACAPONETA-CAÑAS,Pacífico Norte,688697.0,59.5910145755833,31636.037,31.983,37.92697,165.96747000000002
10006,General Simón Bolívar,Durango,EL PALMAR,Cuencas Centrales del Norte,10038.0,54.341867581474,3.948,0.0,0.0,26.55742
10007,Gómez Palacio,Durango,PRINCIPAL-REGIÓN LAGUNERA,Cuencas Centrales del Norte,372750.0,59.2730388873649,67920.302,0.0,47.33179,293.21977999999996
10008,Guadalupe Victoria,Durango,VICENTE GUERRERO-POANAS,Pacífico Norte,36695.0,57.895155666715,631.0989999999999,0.0,0.0,17.00642
10009,Guanaceví,Durango,TEPEHUANES-SANTIAGO,Cuencas Centrales del Norte,9869.0,52.9964160469859,10.462,0.0,0.98766,1.02357
10011,Indé,Durango,MATALOTES-EL ORO,Cuencas Centrales del Norte,4748.0,55.6061648400237,0.826,12.834,0.66853,6.9810300000000005
10012,Lerdo,Durango,PEDRICEÑA-VELARDEÑA,Cuencas Centrales del Norte,163313.0,58.8038790671402,5577.731,0.0,15.24034,165.00629999999998
10013,Mapimí,Durango,NAZAS,Cuencas Centrales del Norte,26932.0,56.7490494471011,691.537,0.0,0.05802,114.17453
10014,Mezquital,Durango,VALLE SANTIAGO-SAN BLAS,Pacífico Norte,48583.0,28.2229952282718,32.253,0.0,0.0,8.55452
10015,Nazas,Durango,PEDRICEÑA-VELARDEÑA,Cuencas Centrales del Norte,12894.0,55.8717551228194,34.881,0.0,0.0,74.86240000000001
10016,Nombre de Dios,Durango,VALLE DEL MEZQUITAL,Pacífico Norte,19060.0,56.885686159889,656.242,0.0,0.30497,41.296319999999994
10019,Otáez,Durango,RÍO SAN LORENZO,Pacífico Norte,4924.0,50.5858068355353,0.15,0.0,2.54643,0.4373
10020,Pánuco de Coronado,Durango,VALLE DEL GUADIANA,Pacífico Norte,12656.0,57.3430224858356,100.347,0.0,5.31147,9.09277
10021,Peñón Blanco,Durango,PEDRICEÑA-VELARDEÑA,Cuencas Centrales del Norte,11118.0,56.7246617952508,32.277,0.0,0.0,9.7425
10022,Poanas,Durango,HIDALGO,Pacífico Norte,25623.0,57.3596245514937,66.342,13.668,0.0,81.37074000000001
10023,Pueblo Nuevo,Durango,VALLE ACAPONETA-CAÑAS,Pacífico Norte,51269.0,51.5504064424081,1186.159,0.0,0.00177,1.33138
10024,Rodeo,Durango,SAN JUAN DEL RÍO,Cuencas Centrales del Norte,12818.0,56.9146939292816,33.607,0.0,0.0,26.85079
10025,San Bernardo,Durango,MATALOTES-EL ORO,Cuencas Centrales del Norte,2837.0,55.0338068365764,0.828,0.0,0.0,8.1712
10026,San Dimas,Durango,RÍO BALUARTE,Pacífico Norte,17333.0,54.9460377012624,23.865,0.0,1.57729,3.99309
10027,San Juan de Guadalupe,Durango,EL PALMAR,Cuencas Centrales del Norte,5251.0,52.2075436392665,11.32,0.0,0.0,7.00209
10029,San Luis del Cordero,Durango,NAZAS,Cuencas Centrales del Norte,2103.0,55.8256287374821,0.0,0.0,0.0,1.43
10030,San Pedro del Gallo,Durango,NAZAS,Cuencas Centrales del Norte,1633.0,55.7312859224862,0.0,0.0,0.0,2.1033
10031,Santa Clara,Durango,EL PALMAR,Cuencas Centrales del Norte,6727.0,55.7855929243672,12.871,0.0,0.0,8.330540000000001
10032,Santiago Papasquiaro,Durango,RÍO SAN LORENZO,Cuencas Centrales del Norte,49207.0,56.4002460342517,826.549,17.330000000000002,1.21345,20.43932
10033,Súchil,Durango,SAN PEDRO-TUXPAN,Pacífico Norte,6917.0,53.5585706988264,12.142,0.0,0.00544,7.279000000000001
10034,Tamazula,Durango,RÍO PIAXTLA,Pacífico Norte,26300.0,47.0905774506537,29.053,0.0,0.0,0.15908
10035,Tepehuanes,Durango,RÍO SAN LORENZO,Cuencas Centrales del Norte,11378.0,54.1944274563485,99.055,0.0,0.19088,4.97677
10036,Tlahualilo,Durango,CEBALLOS,Cuencas Centrales del Norte,21143.0,57.0767291965583,9353.087,0.0,0.0,108.81995
10037,Topia,Durango,RÍO CULIACÁN,Pacífico Norte,9320.0,51.8223254394095,11.353,0.0,0.26575,0.97762
10038,Vicente Guerrero,Durango,HIDALGO,Pacífico Norte,23476.0,58.469883553421,488.348,0.0,0.0,5.77893
10039,Nuevo Ideal,Durango,TEPEHUANES-SANTIAGO,Pacífico Norte,27981.0,57.3614835396817,855.377,0.0,0.11059,44.12094999999999
10061,Ocampo,Durango,MATALOTES-EL ORO,,,,0.0,0.0,0.0,0.0
10064,El Oro,Durango,GALEANA-QUEMADO,,,,0.0,0.0,0.0,0.0
11001,Abasolo,Guanajuato,PASTOR ORTÍZ-LA PIEDAD,Lerma-Santiago-Pacífico,92040.0,55.5402606919792,2194.664,0.0,1.22178,177.4014
11002,Acámbaro,Guanajuato,MORELIA-QUERÉNDARO,Lerma-Santiago-Pacífico,108697.0,56.9612217570423,2120.1710000000003,66.967,0.00917,183.2435
11003,San Miguel de Allende,Guanajuato,IRAPUATO-VALLE,Lerma-Santiago-Pacífico,174615.0,56.201217751103,8574.225,0.0,8.91238,95.16192
11004,Apaseo el Alto,Guanajuato,SALVATIERRA-ACÁMBARO,Lerma-Santiago-Pacífico,63392.0,56.7235853688555,3579.704,0.0,2.42549,27.970519999999997
11005,Apaseo el Grande,Guanajuato,VALLE DE CELAYA,Lerma-Santiago-Pacífico,117883.0,57.409175625332,48827.006,0.0,55.20626,79.16998000000001
11006,Atarjea,Guanajuato,TOLIMÁN,Golfo Norte,5296.0,49.6157618202359,0.0,0.0,0.0,0.0
11007,Celaya,Guanajuato,SALVATIERRA-ACÁMBARO,Lerma-Santiago-Pacífico,521169.0,58.8389938098381,230906.028,9.182,69.7694,195.11473
11008,Manuel Doblado,Guanajuato,PÉNJAMO-ABASOLO,Lerma-Santiago-Pacífico,41240.0,55.7576546289023,856.031,0.0,0.0,90.54797
11009,Comonfort,Guanajuato,VALLE DE CELAYA,Lerma-Santiago-Pacífico,82216.0,54.1045646023985,3119.272,0.0,1.61739,38.367250000000006
11010,Coroneo,Guanajuato,MARAVATÍO-CONTEPEC-E. HUERTA,Lerma-Santiago-Pacífico,11083.0,55.4795869955235,64.689,0.0,0.0,8.07015
11011,Cortazar,Guanajuato,CIENEGA PRIETA-MOROLEÓN,Lerma-Santiago-Pacífico,97928.0,57.5912510275716,6474.29,0.0,4.15086,143.99245000000002
11012,Cuerámaro,Guanajuato,PÉNJAMO-ABASOLO,Lerma-Santiago-Pacífico,30857.0,56.2000969935609,327.94,0.0,0.0,30.39263
11013,Doctor Mora,Guanajuato,DR. MORA-SAN JOSÉ ITURBIDE,Lerma-Santiago-Pacífico,27390.0,55.5459682282103,8144.25,0.0,9.18712,24.57636
11014,Dolores Hidalgo Cuna de la Independencia Nacional,Guanajuato,IRAPUATO-VALLE,Lerma-Santiago-Pacífico,163038.0,55.0125571352096,2088.845,0.0,0.18765,162.21529
11015,Guanajuato,Guanajuato,IRAPUATO-VALLE,Lerma-Santiago-Pacífico,194500.0,58.5616972804428,2542.529,0.5,1.48401,17.76417
11016,Huanímaro,Guanajuato,PASTOR ORTÍZ-LA PIEDAD,Lerma-Santiago-Pacífico,21128.0,56.1618594066586,68.371,0.0,0.0,36.14315
11017,Irapuato,Guanajuato,PÉNJAMO-ABASOLO,Lerma-Santiago-Pacífico,592953.0,58.7609194025885,129358.808,0.0,107.47469,236.52297
11018,Jaral del Progreso,Guanajuato,CIENEGA PRIETA-MOROLEÓN,Lerma-Santiago-Pacífico,38782.0,56.9345416463024,1256.447,0.0,5.96484,97.01738
11019,Jerécuaro,Guanajuato,MARAVATÍO-CONTEPEC-E. HUERTA,Lerma-Santiago-Pacífico,49517.0,53.9809899283802,92.556,16.255,0.0,27.49
11020,León,Guanajuato,RÍO TURBIO,Lerma-Santiago-Pacífico,1721215.0,59.0793372109962,140640.487,17.645,74.70317,123.0181
11021,Moroleón,Guanajuato,MORELIA-QUERÉNDARO,Lerma-Santiago-Pacífico,47261.0,58.3975353685313,1327.606,0.0,0.0262,0.77852
11023,Pueblo Nuevo,Guanajuato,PÉNJAMO-ABASOLO,Lerma-Santiago-Pacífico,154960.0,55.2419593139735,7848.110000000001,0.0,2.72355,232.25099
11025,Purísima del Rincón,Guanajuato,SAN JOSÉ DE LAS PILAS,Lerma-Santiago-Pacífico,83842.0,57.4725524094044,9599.403,0.0,7.06239,136.20387000000002
11026,Romita,Guanajuato,PÉNJAMO-ABASOLO,Lerma-Santiago-Pacífico,65766.0,56.0025333976943,595.476,0.0,0.15963,50.31687
11027,Salamanca,Guanajuato,IRAPUATO-VALLE,Lerma-Santiago-Pacífico,273417.0,58.3158092065983,114631.674,0.0,460.87777,270.90348
11028,Salvatierra,Guanajuato,MORELIA-QUERÉNDARO,Lerma-Santiago-Pacífico,94126.0,56.6436237406066,1087.763,0.0,2.03428,82.51765
11029,San Diego de la Unión,Guanajuato,CUENCA ALTA DEL RÍO LAJA,Lerma-Santiago-Pacífico,41054.0,53.4163093212806,535.971,0.0,0.0,35.7153
11030,San Felipe,Guanajuato,SILAO-ROMITA,Lerma-Santiago-Pacífico,119793.0,53.9971522493502,1714.0279999999998,0.0,0.0,131.45677
11031,Santa Catarina,Guanajuato,TOLIMÁN,Lerma-Santiago-Pacífico,130871.0,57.6617426611668,13463.872,0.0,0.26612,57.06251
11032,San José Iturbide,Guanajuato,VALLE DE AMAZCALA,Lerma-Santiago-Pacífico,89558.0,57.2411850613912,60225.617,0.0,94.62929,50.618
11033,San Luis de la Paz,Guanajuato,DR. MORA-SAN JOSÉ ITURBIDE,Lerma-Santiago-Pacífico,128536.0,55.0984879479621,870.835,0.0,5.0746,92.25084
11035,Santa Cruz de Juventino Rosas,Guanajuato,IRAPUATO-VALLE,Lerma-Santiago-Pacífico,82340.0,56.1745084950172,3650.599,0.0,6.28935,45.472559999999994
11036,Santiago Maravatío,Guanajuato,LAGO DE CUITZEO,Lerma-Santiago-Pacífico,6714.0,55.6898140782752,43.916,0.0,0.0,32.561
11037,Silao de la Victoria,Guanajuato,SILAO-ROMITA,Lerma-Santiago-Pacífico,203556.0,56.9524941709445,195016.718,0.0,38.95047,70.17544000000001
11038,Tarandacuao,Guanajuato,MARAVATÍO-CONTEPEC-E. HUERTA,Lerma-Santiago-Pacífico,11304.0,56.6384969619746,32.889,0.0,0.0,12.77829
11039,Tarimoro,Guanajuato,VALLE DE ACÁMBARO,Lerma-Santiago-Pacífico,35905.0,56.1138010965813,122.147,0.0,0.0,63.258709999999994
11040,Tierra Blanca,Guanajuato,VALLE DE AMAZCALA,Lerma-Santiago-Pacífico,20007.0,52.5499917148746,21.758,0.0,0.0,0.33235
11041,Uriangato,Guanajuato,MORELIA-QUERÉNDARO,Lerma-Santiago-Pacífico,61494.0,57.7259982373562,1406.193,0.0,0.43152,2.37429
11042,Valle de Santiago,Guanajuato,PASTOR ORTÍZ-LA PIEDAD,Lerma-Santiago-Pacífico,150054.0,56.2909819677847,2446.221,0.0,0.56097,159.32304999999997
11043,Victoria,Guanajuato,DR. MORA-SAN JOSÉ ITURBIDE,Lerma-Santiago-Pacífico,21253.0,53.004785386498,21.782,0.0,0.0,3.5783
11044,Villagrán,Guanajuato,IRAPUATO-VALLE,Lerma-Santiago-Pacífico,65791.0,57.7476757905276,27827.818,0.0,60.37925,93.28794
11045,Xichú,Guanajuato,TOLIMÁN,Lerma-Santiago-Pacífico,11143.0,51.4984381356938,0.5,0.0,0.0,0.46897
11046,Yuriria,Guanajuato,MORELIA-QUERÉNDARO,Lerma-Santiago-Pacífico,68741.0,55.54535694064,562.018,47.971,0.00673,68.57017
11061,Ocampo,Guanajuato,CUENCA ALTA DEL RÍO LAJA,,,,0.0,0.0,0.0,0.0
12001,Acapulco de Juárez,Guerrero,PAPAGAYO,Pacífico Sur,779566.0,56.4365962739593,8479.007000000001,668.915,11.28607,19.67048
12002,Ahuacuotzingo,Guerrero,TLAPA-HUAMUXTITLÁN,Balsas,25205.0,45.2767029499794,15.416,0.0,0.0,0.44971
12003,Ajuchitlán del Progreso,Guerrero,TECPAN,Balsas,37655.0,48.200120627665,92.964,4.527,0.0,60.64622
12004,Benito Juárez,Guerrero,ATOYAC,Balsas,21225.0,44.2220999658423,8.331,0.405,0.0,0.93363
12005,Alpoyeca,Guerrero,TLAPA-HUAMUXTITLÁN,Balsas,7813.0,52.8246988915791,32.247,0.0,0.0,1.88872
12006,Apaxtla,Guerrero,TLACOTEPEC,Balsas,11112.0,52.2489378040438,41.457,6.297,0.0,0.0204299999999999
12007,Arcelia,Guerrero,TLACOTEPEC,Balsas,33267.0,53.7957024788327,132.725,1.172,0.0,26.48498
12008,Atenango del Río,Guerrero,HUITZUCO,Balsas,9147.0,49.298446956923,16.528,0.683,0.0,0.25563
12009,Atlamajalcingo del Monte,Guerrero,CUAJINICUILAPA,Balsas,5811.0,42.5238805337985,4.034,0.0,0.0,0.0
12010,Atlixtac,Guerrero,PAPAGAYO,Balsas,28491.0,44.3202127135831,7.981,0.0,0.0,0.0
12011,Atoyac de Álvarez,Guerrero,COYUCA,Pacífico Sur,60680.0,53.5449486798105,279.336,31.178,0.0,24.00913
12012,Ayutla de los Libres,Guerrero,COPALA,Pacífico Sur,69123.0,45.9408493832503,125.305,13.4,0.0,2.40014
12013,Azoyú,Guerrero,MARQUELIA,Pacífico Sur,15099.0,49.8393979076159,34.469,5.819,0.00235,2.48932
12015,Buenavista de Cuéllar,Guerrero,HUITZUCO,Balsas,12982.0,55.9209097976551,220.398,0.0,0.00031,1.71062
12016,Coahuayutla de José María Izazaga,Guerrero,PASO DE ARENA,Balsas,12408.0,43.0943701858677,7.988,39.939,0.0,2.44906
12018,Copala,Guerrero,COPALA,Pacífico Sur,14463.0,52.0269598671923,49.144,73.143,0.0,29.55887
12019,Copalillo,Guerrero,HUITZUCO,Balsas,15598.0,40.4725102368328,156.15,0.0,0.0,0.74232
12020,Copanatoyac,Guerrero,TLAPA-HUAMUXTITLÁN,Balsas,21648.0,42.2605597061693,8.93,0.0,0.0,1.03181
12021,Coyuca de Benítez,Guerrero,PAPAGAYO,Pacífico Sur,73056.0,52.2596397043313,142.722,80.018,0.023,30.466849999999997
12022,Coyuca de Catalán,Guerrero,SAN LUIS,Balsas,38554.0,49.1333331474592,76.311,0.0,0.0,38.583
12023,Cuajinicuilapa,Guerrero,PINOTEPA NACIONAL,Pacífico Sur,26627.0,51.7467112006845,125.624,21.526,0.0,25.77161
12024,Cualác,Guerrero,TLAPA-HUAMUXTITLÁN,Balsas,7874.0,50.1261389887712,10.804,0.0,0.0,0.03012
12025,Cuautepec,Guerrero,COPALA,Pacífico Sur,17024.0,47.3225577892906,31.162,0.0,0.0,12.30166
12026,Cuetzala del Progreso,Guerrero,TLACOTEPEC,Balsas,8272.0,45.8130475564146,5.564,0.0,0.0,1.93043
12027,Cutzamala de Pinzón,Guerrero,ALTAMIRANO-CUTZAMALA,Balsas,20537.0,50.5348241107247,41.561,95.186,0.0007,80.89703999999999
12028,Chilapa de Álvarez,Guerrero,PAPAGAYO,Pacífico Sur,123722.0,47.4357642894414,418.913,0.0,0.0,2.7164
12029,Chilpancingo de los Bravo,Guerrero,PAPAGAYO,Pacífico Sur,283354.0,56.4592257608969,1189.384,0.0,0.15375,16.383680000000002
12030,Florencio Villarreal,Guerrero,NEXPA,Pacífico Sur,22250.0,51.5955507312618,71.407,73.404,0.0,12.321370000000002
12031,General Canuto A. Neri,Guerrero,ARCELIA,Balsas,6278.0,48.0118326224054,5.2379999999999995,0.0,0.0,0.0
12032,General Heliodoro Castillo,Guerrero,PAPAGAYO,Balsas,37254.0,45.6698752615873,42.011,16.25,0.92738,0.52621
12033,Huamuxtitlán,Guerrero,TLAPA-HUAMUXTITLÁN,Balsas,17488.0,53.6505222551009,41.168,0.0,0.0,5.98616
12034,Huitzuco de los Figueroa,Guerrero,HUITZUCO,Balsas,36593.0,51.2365191744536,136.082,0.0,0.02059,1.46372
12035,Iguala de la Independencia,Guerrero,POLONCINGO,Balsas,154173.0,55.7895844043228,1748.31,1.908,0.256,11.97651
12036,Igualapa,Guerrero,CUAJINICUILAPA,Pacífico Sur,11739.0,48.7133160121417,27.29,0.0,0.00153,0.01294
12037,Ixcateopan de Cuauhtémoc,Guerrero,IGUALA,Balsas,6138.0,52.1177767047208,28.783,0.0,0.0,0.00233
12038,Zihuatanejo de Azueta,Guerrero,PASO DE ARENA,Pacífico Sur,126001.0,56.748029274377,701.087,196.007,0.72333,14.10432
12039,Juan R. Escudero,Guerrero,NEXPA,Pacífico Sur,26093.0,53.5118846330154,63.847,2.363,0.0,0.90182
12040,Leonardo Bravo,Guerrero,PAPAGAYO,Balsas,26357.0,51.1519552152027,200.853,0.0,0.0,1.78458
12041,Malinaltepec,Guerrero,MARQUELIA,Pacífico Sur,29625.0,45.3324507124554,1.494,0.0,0.0,0.00288
12042,Mártir de Cuilapan,Guerrero,CHILAPA,Balsas,18613.0,48.5815374007268,68.164,0.0,0.0,0.01974
12043,Metlatónoc,Guerrero,CUAJINICUILAPA,Pacífico Sur,18859.0,42.351004192881,6.056,0.021,0.0,0.0
12044,Mochitlán,Guerrero,PAPAGAYO,Pacífico Sur,12402.0,53.0826918075022,27.809,0.0,0.01599,2.2072900000000004
12045,Olinalá,Guerrero,TLAPA-HUAMUXTITLÁN,Balsas,28446.0,43.860879970178,78.996,0.0,0.0,0.12472
12046,Ometepec,Guerrero,CUAJINICUILAPA,Pacífico Sur,68207.0,50.4400899870696,298.108,14.534,0.0,4.099559999999999
12047,Pedro Ascencio Alquisiras,Guerrero,TLACOTEPEC,Balsas,7076.0,42.996757331168,2.183,0.0,0.0,0.05212
12048,Petatlán,Guerrero,SAN LUIS,Pacífico Sur,44583.0,54.4120445052535,189.272,38.866,0.01236,75.20909
12049,Pilcaya,Guerrero,BUENAVISTA DE CUÉLLAR,Balsas,12753.0,54.2025780406098,48.18600000000001,0.0,0.0,6.48124
12050,Pungarabato,Guerrero,ALTAMIRANO-CUTZAMALA,Balsas,38482.0,55.5566947257302,422.932,0.0,0.0,81.62253
12051,Quechultenango,Guerrero,PAPAGAYO,Pacífico Sur,36143.0,49.32904025856,50.925,0.0,0.0,7.776350000000001
12052,San Luis Acatlán,Guerrero,COPALA,Pacífico Sur,46270.0,43.0320666710239,102.092,0.0,0.00347,10.66843
12053,San Marcos,Guerrero,SAN MARCOS,Pacífico Sur,50124.0,49.7522681067576,134.634,30.524,0.00037,16.82174
12054,San Miguel Totolapan,Guerrero,ATOYAC,Balsas,24139.0,43.5195868494238,22.151,0.0,0.0,31.02977
12055,Taxco de Alarcón,Guerrero,IGUALA,Balsas,105586.0,54.4861630706619,1001.875,0.0,0.11754,6.33275
12056,Tecoanapa,Guerrero,SAN MARCOS,Pacífico Sur,46063.0,48.73583770698,39.472,0.353,0.0,15.96416
12057,Técpan de Galeana,Guerrero,ATOYAC,Pacífico Sur,65237.0,53.3607669708077,440.891,63.157,0.05222,95.52306
12058,Teloloapan,Guerrero,TLACOTEPEC,Balsas,53817.0,51.8347732008869,392.3440000000001,0.0,0.02068,6.02399
12059,Tepecoacuilco de Trujano,Guerrero,CHILAPA,Balsas,30806.0,50.4575567817469,70.17099999999999,1.886,0.00459,7.42447
12060,Tetipac,Guerrero,IGUALA,Balsas,13552.0,51.6791406842709,36.318,0.0,0.0,4.383
12061,Tixtla de Guerrero,Guerrero,TEPECHICOTLÁN,Pacífico Sur,43171.0,52.095926363026,151.601,0.0,0.0006,4.83615
12062,Tlacoachistlahuaca,Guerrero,CUAJINICUILAPA,Pacífico Sur,22781.0,42.9498142939214,49.41,0.0,0.0,0.77591
12063,Tlacoapa,Guerrero,MARQUELIA,Pacífico Sur,10092.0,43.2358146617746,4.04,0.0,0.0,0.0
12064,Tlalchapa,Guerrero,ALTAMIRANO-CUTZAMALA,Balsas,11681.0,52.4707007156309,40.355,0.0,0.0,53.48992
12065,Tlalixtaquilla de Maldonado,Guerrero,TLAPA-HUAMUXTITLÁN,Balsas,7602.0,48.2294089607467,14.939,0.0,0.0,0.00075
12066,Tlapa de Comonfort,Guerrero,TLAPA-HUAMUXTITLÁN,Balsas,96125.0,51.9549092132451,245.384,0.295,0.0,2.56573
12067,Tlapehuala,Guerrero,TLACOTEPEC,Balsas,22209.0,52.5353641127522,141.899,0.0,0.0,26.95195
12068,La Unión de Isidoro Montes de Oca,Guerrero,PANTLA,Balsas,26349.0,52.0026121875048,28.792,106.217,2.00679,63.76631
12069,Xalpatláhuac,Guerrero,TLAPA-HUAMUXTITLÁN,Balsas,11966.0,42.7092379669983,15.591,0.0,0.0,0.0
12070,Xochihuehuetlán,Guerrero,TLAPA-HUAMUXTITLÁN,Balsas,7862.0,51.7109989395778,32.784,0.0,0.0,0.0
12071,Xochistlahuaca,Guerrero,JAMILTEPEC,Pacífico Sur,29891.0,44.9632422882057,67.184,0.0,0.0,0.00598
12072,Zapotitlán Tablas,Guerrero,PAPAGAYO,Pacífico Sur,12004.0,45.4486528432519,2.441,0.0,0.0,0.00885
12073,Zirándaro,Guerrero,PASO DE ARENA,Balsas,18031.0,49.271698445831,31.801,6.3500000000000005,0.0,25.568949999999997
12074,Zitlala,Guerrero,CHILAPA,Balsas,21977.0,47.115809033987,216.331,0.0,0.0,0.26647
12075,Eduardo Neri,Guerrero,CHILPANCINGO,Balsas,53126.0,53.0690125736696,424.932,25.871,4.58484,4.41572
12076,Acatepec,Guerrero,MARQUELIA,Pacífico Sur,40197.0,42.3290468222848,7.069999999999999,0.0,0.0,0.0
12077,Marquelia,Guerrero,MARQUELIA,Pacífico Sur,14280.0,52.3105065634206,54.228,91.145,0.0,0.8103
12078,Cochoapa el Grande,Guerrero,CUAJINICUILAPA,Pacífico Sur,21241.0,32.2054405826744,5.595000000000001,0.0,0.0,0.0441
12079,José Joaquín de Herrera,Guerrero,PAPAGAYO,Pacífico Sur,18381.0,40.1205824124184,13.576,0.0,0.0,0.04906
12080,Juchitán,Guerrero,MARQUELIA,Pacífico Sur,7559.0,48.4807047866643,12.361,2.056,0.0,0.77107
12081,Iliatenco,Guerrero,MARQUELIA,Pacífico Sur,11679.0,46.8394099050317,10.505,0.0,0.0,0.0
12082,Las Vigas,Guerrero,SAN MARCOS,Pacífico Sur,,,9.107,7.182,0.0,0.0
12083,Ñuu Savi,Guerrero,COPALA,Pacífico Sur,,,0.0,0.0,0.0,0.0
12084,Santa Cruz del Rincón,Guerrero,MARQUELIA,Pacífico Sur,,,0.847,0.0,0.0,0.0
13002,Acaxochitlán,Hidalgo,ACAXOCHITLÁN,Golfo Centro,46065.0,50.6464687985813,216.008,12.879,0.09296,12.14522
13003,Acatlán,Hidalgo,VALLE DE TULANCINGO,Aguas del Valle de México,61002.0,57.3824185084775,2251.196,0.0,0.03078,43.23572
13004,Actopan,Hidalgo,ACTOPAN - SANTIAGO DE ANAYA,Golfo Centro,10313.0,53.4299811637465,22.07,5.202,0.0,6.33532
13005,Ajacuba,Hidalgo,VALLE DEL MEZQUITAL,Aguas del Valle de México,18872.0,57.0553962398985,1281.69,0.0,0.0,38.21488
13006,Alfajayucan,Hidalgo,VALLE DEL MEZQUITAL,Aguas del Valle de México,19162.0,54.2353758181073,126.832,5.146,0.0,51.9411
13007,Almoloya,Hidalgo,SOLTEPEC,Aguas del Valle de México,12546.0,56.2583067597882,68.456,0.014,0.00338,2.35708
13008,Apan,Hidalgo,SOLTEPEC,Aguas del Valle de México,46681.0,57.7474115064364,10309.295,0.096,30.76475,8.968910000000001
13009,Francisco I. Madero,Hidalgo,VALLE DEL MEZQUITAL,Aguas del Valle de México,19836.0,55.6060620630837,26.072,0.0,0.01221,39.094080000000005
13010,Atitalaquia,Hidalgo,VALLE DEL MEZQUITAL,Aguas del Valle de México,31525.0,59.1898792480148,69467.257,0.0,4.15488,21.136660000000003
13011,Atlapexco,Hidalgo,CALABOZO,Golfo Norte,19812.0,52.7269551593486,20.614,10.215,0.0,0.7035399999999999
13012,Atotonilco el Grande,Hidalgo,HUASCA-ZOQUITAL,Golfo Norte,30135.0,54.7205438694626,110.49,3.854,0.19706,14.57066
13013,Atotonilco de Tula,Hidalgo,CUAUTITLÁN-PACHUCA,Aguas del Valle de México,62470.0,59.0628086224216,7947.934,0.0,3.44341,12.35085
13014,Calnali,Hidalgo,CALABOZO,Golfo Norte,16150.0,52.8849880758851,23.375,1.442,0.0,737.3176500000001
13015,Cardonal,Hidalgo,ACTOPAN - SANTIAGO DE ANAYA,Aguas del Valle de México,19431.0,54.743631621877,8.629,1.138,0.51163,43.58917
13016,Cuautepec de Hinojosa,Hidalgo,TECOCOMULCO,Golfo Norte,60421.0,54.9794018094685,431.807,0.016,0.00679,13.651840000000002
13017,Chapantongo,Hidalgo,VALLE DEL MEZQUITAL,Aguas del Valle de México,12967.0,53.4654740381378,70.599,0.0,0.0008,6.35515
13018,Chapulhuacán,Hidalgo,ZIMAPÁN,Golfo Norte,22903.0,53.1936148046156,22.68,0.042,0.0,1.11309
13019,Chilcuautla,Hidalgo,VALLE DEL MEZQUITAL,Aguas del Valle de México,18909.0,54.8618890064786,16.958,0.0,0.0,54.215689999999995
13020,Eloxochitlán,Hidalgo,AMAJAC,Golfo Norte,2593.0,54.4948652303664,0.349,0.828,0.0,1.50163
13022,Epazoyucan,Hidalgo,CUAUTITLÁN-PACHUCA,Aguas del Valle de México,16285.0,56.3274528646033,47.43,0.0,0.0,0.7587900000000001
13024,Huasca de Ocampo,Hidalgo,VALLE DE TULANCINGO,Golfo Norte,17607.0,54.6416434661284,7.877999999999999,16.293,0.45049,33.16401
13025,Huautla,Hidalgo,TAMPICO-MISANTLA,Golfo Norte,20673.0,50.7155578441141,36.067,0.0,0.0,1.71538
13026,Huazalingo,Hidalgo,ATLAPEXCO-CANDELARIA,Golfo Norte,12766.0,52.3888573389123,1.89,0.0,0.0,0.09377
13028,Huejutla de Reyes,Hidalgo,TAMPICO-MISANTLA,Golfo Norte,126781.0,53.658295429392,349.348,0.0,0.00399,2.75711
13029,Huichapan,Hidalgo,POLOTITLÁN,Golfo Norte,47425.0,56.0543571778057,7639.344,0.0,8.67156,28.724469999999997
13030,Ixmiquilpan,Hidalgo,ACTOPAN - SANTIAGO DE ANAYA,Aguas del Valle de México,98654.0,56.5373323275692,343.115,0.0,0.14652,194.5502
13031,Jacala de Ledezma,Hidalgo,ZIMAPÁN,Golfo Norte,12290.0,53.9656350750003,26.648999999999997,0.0,0.0,0.97651
13032,Jaltocán,Hidalgo,ATOTONILCO-JALTOCAN,Golfo Norte,10523.0,53.3225471763921,67.925,0.0,0.0,0.01636
13033,Juárez Hidalgo,Hidalgo,ORIZATLÁN,Golfo Norte,2895.0,54.5171478419509,1.039,0.0,0.0,0.0004
13034,Lolotla,Hidalgo,ATLAPEXCO-CANDELARIA,Golfo Norte,9474.0,52.3812068237934,0.0,0.0,1.40622,0.37248
13035,Metepec,Hidalgo,ACAXOCHITLÁN,Golfo Norte,13078.0,54.9242779150512,816.279,0.136,0.0,14.78694
13036,San Agustín Metzquititlán,Hidalgo,TAMPICO-MISANTLA,Golfo Norte,9449.0,55.2252338641373,30.493,0.0,0.00109,2.43489
13037,Metztitlán,Hidalgo,AMAJAC,Golfo Norte,20962.0,52.9106964158457,24.021,1.453,0.01907,49.061429999999994
13038,Mineral del Chico,Hidalgo,CUAUTITLÁN-PACHUCA,Golfo Norte,8878.0,53.8717747931378,3.4829999999999997,2.264,0.03941,3.65411
13039,Mineral del Monte,Hidalgo,CUAUTITLÁN-PACHUCA,Aguas del Valle de México,14324.0,57.2927515539903,66.704,0.0,0.0,0.00637
13040,La Misión,Hidalgo,ZIMAPÁN,Golfo Norte,9819.0,50.0579309274686,4.132,0.0,0.0,0.02008
13041,Mixquiahuala de Juárez,Hidalgo,VALLE DEL MEZQUITAL,Aguas del Valle de México,47222.0,57.9806274191608,441.694,0.0,0.0106,24.47413
13042,Molango de Escamilla,Hidalgo,ATLAPEXCO-CANDELARIA,Golfo Norte,11578.0,54.6963513866792,22.34,0.018,0.02737,0.11249
13043,Nicolás Flores,Hidalgo,ZIMAPÁN,Golfo Norte,6265.0,53.6354238240691,2.876,0.0,0.0,0.14308
13044,Nopala de Villagrán,Hidalgo,VALLE DEL MEZQUITAL,Golfo Norte,16948.0,54.1033824954232,60.962,0.0,0.00603,17.15809
13045,Omitlán de Juárez,Hidalgo,HUASCA-ZOQUITAL,Golfo Norte,9295.0,55.3892166322047,8.892,0.0,0.0,1.16676
13046,San Felipe Orizatlán,Hidalgo,TAMPICO-MISANTLA,Golfo Norte,38492.0,52.8044712447808,84.026,0.0,0.0,3.64406
13047,Pacula,Hidalgo,MOCTEZUMA,Golfo Norte,4748.0,50.1399144054841,3.467,0.0,0.0,0.07627
13048,Pachuca de Soto,Hidalgo,CUAUTITLÁN-PACHUCA,Aguas del Valle de México,314331.0,59.9239208918057,6177.634,0.0,13.28144,1.19566
13049,Pisaflores,Hidalgo,ZIMAPÁN,Golfo Norte,18723.0,52.6225794054406,12.236,0.0,0.0,0.43577
13050,Progreso de Obregón,Hidalgo,VALLE DEL MEZQUITAL,Aguas del Valle de México,23641.0,58.4050711710475,560.728,1.676,0.27649,21.74084
13051,Mineral de la Reforma,Hidalgo,CUAUTITLÁN-PACHUCA,Aguas del Valle de México,202749.0,59.8923618649699,8107.896,0.0,18.61135,3.88702
13052,San Agustín Tlaxiaca,Hidalgo,CUAUTITLÁN-PACHUCA,Aguas del Valle de México,38891.0,56.7557695444204,531.282,0.0,0.0,5.54253
13053,San Bartolo Tutotepec,Hidalgo,ÁLAMO-TUXPAN,Golfo Centro,17699.0,48.6917271382493,14.664,0.635,0.0,0.14224
13054,San Salvador,Hidalgo,ACTOPAN - SANTIAGO DE ANAYA,Aguas del Valle de México,36796.0,56.4194329487375,34.985,0.559,0.0,43.42732
13055,Santiago de Anaya,Hidalgo,ACTOPAN - SANTIAGO DE ANAYA,Aguas del Valle de México,18329.0,55.4493166716119,1765.611,0.0,0.16376,35.004960000000004
13056,Santiago Tulantepec de Lugo Guerrero,Hidalgo,VALLE DE TULANCINGO,Golfo Norte,39561.0,57.5532000541543,824.821,0.0,4.66578,21.03505
13057,Singuilucan,Hidalgo,CUAUTITLÁN-PACHUCA,Aguas del Valle de México,15142.0,54.7241840438598,298.517,0.0,0.0,0.2143499999999999
13058,Tasquillo,Hidalgo,CHAPANTONGO-ALFAJAYUCAN,Aguas del Valle de México,17441.0,54.8078096481028,41.505,5.345,0.02856,97.04557
13059,Tecozautla,Hidalgo,VALLE DE TEQUISQUIAPAN,Golfo Norte,38010.0,54.5508107864517,92.656,14.369,0.5062,31.14729
13060,Tenango de Doria,Hidalgo,ACAXOCHITLÁN,Golfo Centro,17503.0,53.263527658287,18.28,0.0,0.0,1.74728
13061,Tepeapulco,Hidalgo,APAN,Aguas del Valle de México,56245.0,59.1760171326859,32149.894,0.0,35.71566,8.93918
13062,Tepehuacán de Guerrero,Hidalgo,ORIZATLÁN,Golfo Norte,31235.0,48.8791422979532,1.779,0.0,0.0,0.40483
13063,Tepeji del Río de Ocampo,Hidalgo,TEPEJI DEL RÍO,Aguas del Valle de México,90546.0,57.3885068059967,26439.582,0.0,8.00081,27.56816
13064,Tepetitlán,Hidalgo,VALLE DEL MEZQUITAL,Aguas del Valle de México,10830.0,55.7767683218919,5.71,0.0,0.0,24.21343
13065,Tetepango,Hidalgo,VALLE DEL MEZQUITAL,Aguas del Valle de México,11768.0,58.1302303404046,38.615,0.0,0.0,0.03154
13066,Villa de Tezontepec,Hidalgo,CUAUTITLÁN-PACHUCA,Aguas del Valle de México,13032.0,57.7164410401393,912.806,0.0,0.0,0.76655
13067,Tezontepec de Aldama,Hidalgo,VALLE DEL MEZQUITAL,Aguas del Valle de México,55134.0,57.0545075052865,155.571,15.073,36.44799,102.6586
13068,Tianguistengo,Hidalgo,TAMPICO-MISANTLA,Golfo Norte,14340.0,50.1799333412537,10.004,0.012,0.0,0.11212
13069,Tizayuca,Hidalgo,CUAUTITLÁN-PACHUCA,Aguas del Valle de México,168302.0,59.4173310959409,26127.437,0.0,43.81327,7.42582
13070,Tlahuelilpan,Hidalgo,VALLE DEL MEZQUITAL,Aguas del Valle de México,19067.0,57.5885857984551,196.247,0.0,49.44546,12.20308
13071,Tlahuiltepa,Hidalgo,AMAJAC,Golfo Norte,9086.0,51.2630569211976,0.0,0.0,0.0,0.06365
13072,Tlanalapa,Hidalgo,APAN,Aguas del Valle de México,11113.0,58.7598955640261,185.34,0.0,0.0,1.5768
13073,Tlanchinol,Hidalgo,ATLAPEXCO-CANDELARIA,Golfo Norte,37722.0,52.873803942599,26.532,0.012,0.0,5.39708
13074,Tlaxcoapan,Hidalgo,VALLE DEL MEZQUITAL,Aguas del Valle de México,28626.0,58.3417799660763,773.979,0.0,47.61288,24.80514
13075,Tolcayuca,Hidalgo,CUAUTITLÁN-PACHUCA,Aguas del Valle de México,21362.0,57.993431264,368.755,0.0,0.0,1.37669
13076,Tula de Allende,Hidalgo,TEPEJI DEL RÍO,Aguas del Valle de México,115107.0,58.4276960546106,9462.618,0.0,53.09769,39.185480000000005
13077,Tulancingo de Bravo,Hidalgo,ACAXOCHITLÁN,Golfo Norte,168369.0,58.0695656770432,3991.259,0.294,14.78225,46.48883
13078,Xochiatipan,Hidalgo,TAMPICO-MISANTLA,Golfo Norte,18260.0,48.693750132664,10.973,0.0,0.0,0.03767
13079,Xochicoatlán,Hidalgo,MEZTITLÁN,Golfo Norte,7015.0,54.7350140076077,3.766,0.006,0.59489,0.24236
13080,Yahualica,Hidalgo,TAMPICO-MISANTLA,Golfo Norte,24674.0,48.8626706488855,30.916,0.0,0.0,0.26823
13081,Zacualtipán de Ángeles,Hidalgo,TAMPICO-MISANTLA,Golfo Norte,38155.0,56.5403864793947,1844.815,0.0,0.0,1.24237
13082,Zapotlán de Juárez,Hidalgo,CUAUTITLÁN-PACHUCA,Aguas del Valle de México,21443.0,57.8572152914156,582.053,0.0,0.10457,0.23114
13083,Zempoala,Hidalgo,CUAUTITLÁN-PACHUCA,Aguas del Valle de México,57906.0,58.5100221301433,262.2,0.0,0.0,1.34718
13084,Zimapán,Hidalgo,CHAPANTONGO-ALFAJAYUCAN,Golfo Norte,39927.0,55.9023554986788,151.029,0.771,3.14733,3.03502
14001,Acatic,Jalisco,ALTOS DE JALISCO,Lerma-Santiago-Pacífico,23175.0,56.8976906563699,374.224,3.892,0.08109,29.038919999999997
14002,Acatlán de Juárez,Jalisco,LAGUNAS,Lerma-Santiago-Pacífico,25250.0,58.7390304017307,4670.9439999999995,0.298,8.6539,25.38178
14003,Ahualulco de Mercado,Jalisco,ARENAL,Lerma-Santiago-Pacífico,23630.0,59.1647776340978,165.399,0.0,0.0,43.31366
14004,Amacueca,Jalisco,AUTLÁN,Lerma-Santiago-Pacífico,5743.0,56.3817464491134,10.529,0.0,0.0,14.44941
14005,Amatitán,Jalisco,ARENAL,Lerma-Santiago-Pacífico,16490.0,58.2852514149864,2855.641,0.0,20.66295,7.16236
14006,Cuautla,Jalisco,TOMATLÁN,Lerma-Santiago-Pacífico,60386.0,58.3850413147151,2421.141,4.03,0.55752,52.67817
14007,San Juanito de Escobedo,Jalisco,AMECA,Lerma-Santiago-Pacífico,9433.0,57.9549402790243,59.818,0.0,0.06847,14.48321
14008,Arandas,Jalisco,OCOTLÁN,Lerma-Santiago-Pacífico,80609.0,57.9494689342465,9596.271,0.455,18.50278,32.6844
14009,El Arenal,Jalisco,ARENAL,Lerma-Santiago-Pacífico,21115.0,58.793772716188,1601.992,0.0,2.66869,17.89975
14010,Atemajac de Brizuela,Jalisco,AUTLÁN,Lerma-Santiago-Pacífico,7758.0,56.186967637558,79.943,0.0,0.22191,4.04642
14011,Atengo,Jalisco,UNIÓN DE TULA,Lerma-Santiago-Pacífico,5599.0,54.6486400613693,12.322,0.0,0.0,7.12442
14012,Atenguillo,Jalisco,UNIÓN DE TULA,Lerma-Santiago-Pacífico,4176.0,57.5300838859949,13.172,0.0,0.0,3.3384
14013,Atotonilco el Alto,Jalisco,LA BARCA,Lerma-Santiago-Pacífico,64009.0,58.192501513986,9011.305,0.0,31.29176,38.93426
14015,Autlán de Navarro,Jalisco,CUAUTITLÁN,Lerma-Santiago-Pacífico,64931.0,58.6789279598896,2727.746,109.015,5.18471,85.78352000000001
14016,Ayotlán,Jalisco,BRISEÑAS-YURÉCUARO,Lerma-Santiago-Pacífico,41552.0,56.5231794872051,1490.723,3.324,0.38509,94.95737
14017,Ayutla,Jalisco,LA HUERTA,Lerma-Santiago-Pacífico,12880.0,57.3527331443888,74.408,0.0,0.0,3.68609
14018,La Barca,Jalisco,BRISEÑAS-YURÉCUARO,Lerma-Santiago-Pacífico,67937.0,57.6883100108335,1447.011,1.222,0.03018,69.77188000000001
14019,Bolaños,Jalisco,SAN MARTÍN DE BOLAÑOS,Lerma-Santiago-Pacífico,7043.0,41.1824696936993,7.559,0.0,0.14794,0.69187
14020,Cabo Corrientes,Jalisco,TOMATLÁN,Lerma-Santiago-Pacífico,10940.0,54.9283691215401,56.31699999999999,80.035,0.0,3.32177
14021,Casimiro Castillo,Jalisco,CUAUTITLÁN,Lerma-Santiago-Pacífico,20548.0,57.5324544784367,1214.778,0.0,3.43894,68.14463
14022,Cihuatlán,Jalisco,MARABASCO,Lerma-Santiago-Pacífico,40139.0,57.2619110540223,258.61,82.967,0.00981,51.37718
14023,Zapotlán el Grande,Jalisco,CIUDAD GUZMÁN,Lerma-Santiago-Pacífico,115141.0,59.9441552048355,5091.935,0.0,0.53412,60.89019
14024,Cocula,Jalisco,AUTLÁN,Lerma-Santiago-Pacífico,29267.0,57.8695963384277,837.584,6.575,0.2565,60.34556
14025,Colotlán,Jalisco,TLALTENANGO-TEPECHITLÁN,Lerma-Santiago-Pacífico,19689.0,58.3835945582496,136.114,0.0,0.0,6.70835
14026,Concepción de Buenos Aires,Jalisco,CIUDAD GUZMÁN,Lerma-Santiago-Pacífico,6334.0,58.0194070999676,108.551,0.0,0.0,11.96062
14027,Cuautitlán de García Barragán,Jalisco,CIHUATLÁN,Lerma-Santiago-Pacífico,18370.0,49.6395203501102,24.428,1.005,0.0,23.99629
14029,Cuquío,Jalisco,ALTOS DE JALISCO,Lerma-Santiago-Pacífico,17820.0,55.895252008151,73.313,0.0,0.0,24.80123
14030,Chapala,Jalisco,TIZAPÁN,Lerma-Santiago-Pacífico,55196.0,59.0080061263008,1800.251,14.8,10.83631,12.230720000000002
14031,Chimaltitán,Jalisco,TLALTENANGO-TEPECHITLÁN,Lerma-Santiago-Pacífico,3270.0,49.6121121567291,0.0,0.0,0.0,0.8348800000000001
14032,Chiquilistlán,Jalisco,AUTLÁN,Lerma-Santiago-Pacífico,5983.0,55.1020742789416,26.269,0.0,0.0,3.16559
14033,Degollado,Jalisco,LA PIEDAD,Lerma-Santiago-Pacífico,21226.0,56.9801420466151,283.492,0.0,0.0,32.86941
14034,Ejutla,Jalisco,AUTLÁN,Lerma-Santiago-Pacífico,1981.0,56.6053400806101,5.767,0.0,0.0,1.69996
14035,Encarnación de Díaz,Jalisco,EL MUERTO,Lerma-Santiago-Pacífico,53039.0,57.3853356938327,742.183,0.0,0.21079,68.27754
14036,Etzatlán,Jalisco,AMECA,Lerma-Santiago-Pacífico,20011.0,58.7912743363854,251.474,0.0,0.0,14.67612
14037,El Grullo,Jalisco,AUTLÁN,Lerma-Santiago-Pacífico,25920.0,58.650684268875,180.662,0.0,0.20929,62.05094
14038,Guachinango,Jalisco,MIXTLÁN,Lerma-Santiago-Pacífico,4199.0,55.7832171221202,6.974,0.0,0.0,3.60452
14039,Guadalajara,Jalisco,TOLUQUILLA,Lerma-Santiago-Pacífico,1385629.0,60.7642604388961,195268.851,-39.572,82.29401,15.63867
14040,Hostotipaquillo,Jalisco,AMECA,Lerma-Santiago-Pacífico,8732.0,55.1287492832085,43.309,11.071000000000002,0.06245,4.29385
14041,Huejúcar,Jalisco,VILLA GUERRERO,Lerma-Santiago-Pacífico,5920.0,56.41309984568,262.807,0.0,0.0,1.43586
14042,Huejuquilla el Alto,Jalisco,NORTE DE JALISCO,Lerma-Santiago-Pacífico,10015.0,54.5872290457939,54.519000000000005,0.0,0.0,1.24555
14043,La Huerta,Jalisco,CIHUATLÁN,Lerma-Santiago-Pacífico,23258.0,56.7307347344086,174.964,111.103,1.61122,56.17874
14044,Ixtlahuacán de los Membrillos,Jalisco,CHAPALA,Lerma-Santiago-Pacífico,67969.0,58.1843604514573,9570.401,0.0,65.3861,23.524989999999995
14045,Ixtlahuacán del Río,Jalisco,ALTOS DE JALISCO,Lerma-Santiago-Pacífico,20465.0,56.4021063349792,140.954,0.0,0.0,16.41079
14046,Jalostotitlán,Jalisco,LAGOS DE MORENO,Lerma-Santiago-Pacífico,32678.0,58.2101957226458,1306.253,0.0,4.21351,40.04605
14047,Jamay,Jalisco,CIÉNEGA DE CHAPALA,Lerma-Santiago-Pacífico,24894.0,57.690577793034,419.781,45.917,0.16189,29.67472
14049,Jilotlán de los Dolores,Jalisco,APATZINGÁN,Balsas,9425.0,53.7635807841454,14.983999999999998,2.392,0.0,18.09294
14050,Jocotepec,Jalisco,LAGUNAS,Lerma-Santiago-Pacífico,47105.0,57.5185138592717,234.858,50.568,0.61256,22.26122
14051,Juanacatlán,Jalisco,CAJITITLÁN,Lerma-Santiago-Pacífico,30855.0,59.408009890115,185.697,0.0,0.42737,24.00994
14052,Juchitlán,Jalisco,AUTLÁN,Lerma-Santiago-Pacífico,5534.0,56.2586268931912,48.317,0.0,0.0,3.21332
14053,Lagos de Moreno,Jalisco,SAN DIEGO DE ALEJANDRÍA,Lerma-Santiago-Pacífico,172403.0,57.7071595290716,34942.308000000005,0.0,51.24161,181.97719
14054,El Limón,Jalisco,AUTLÁN,Lerma-Santiago-Pacífico,5368.0,57.1860330566606,17.644,0.0,0.0,66.20679
14055,Magdalena,Jalisco,AMECA,Lerma-Santiago-Pacífico,21781.0,58.2058392980785,114.512,3.229,0.00932,13.11131
14056,Santa María del Oro,Jalisco,COLOMOS,Balsas,1815.0,50.6407720750318,3.764,0.0,0.0,0.08968
14057,La Manzanilla de la Paz,Jalisco,CIUDAD GUZMÁN,Lerma-Santiago-Pacífico,4099.0,57.3915315528247,38.372,0.0,0.0,1.09043
14058,Mascota,Jalisco,MARAVILLA,Lerma-Santiago-Pacífico,14451.0,58.2255869608959,84.55199999999999,0.0,0.11055,31.332029999999996
14059,Mazamitla,Jalisco,CIUDAD GUZMÁN,Lerma-Santiago-Pacífico,14043.0,57.8239662753763,109.867,0.0,0.20368,10.00319
14060,Mexticacán,Jalisco,ENCARNACIÓN,Lerma-Santiago-Pacífico,5307.0,56.0956584960145,178.06699999999998,0.0,0.0,5.13629
14061,Mezquitic,Jalisco,VALLE SANTIAGO-SAN BLAS,Lerma-Santiago-Pacífico,22083.0,31.3056684364792,12.459,0.0,0.0,3.87206
14062,Mixtlán,Jalisco,UNIÓN DE TULA,Lerma-Santiago-Pacífico,3638.0,56.3081326261795,9.073,0.0,0.0,3.1009900000000004
14063,Ocotlán,Jalisco,LA BARCA,Lerma-Santiago-Pacífico,106050.0,58.7587782029387,17610.337,21.278,27.22041,26.36245
14064,Ojuelos de Jalisco,Jalisco,LAGOS DE MORENO,Lerma-Santiago-Pacífico,33588.0,55.984986616106,197.104,0.439,0.0,12.49004
14065,Pihuamo,Jalisco,COAHUAYANA,Lerma-Santiago-Pacífico,11386.0,56.3239905529311,35.67,4.6739999999999995,0.02712,17.33112
14066,Poncitlán,Jalisco,CIÉNEGA DE CHAPALA,Lerma-Santiago-Pacífico,53659.0,56.4942336993815,8367.12,44.785,2.27131,31.54382
14067,Puerto Vallarta,Jalisco,PUERTO VALLARTA,Lerma-Santiago-Pacífico,291839.0,59.7578031009193,2348.264,14.674,11.59977,38.840399999999995
14068,Villa Purificación,Jalisco,MIGUEL HIDALGO,Lerma-Santiago-Pacífico,11303.0,56.0086274912701,28.46,0.0,0.0,27.00276
14069,Quitupan,Jalisco,CIUDAD GUZMÁN,Balsas,7734.0,54.2105750843677,7.06,0.0,0.0,8.61879
14070,El Salto,Jalisco,TOLUQUILLA,Lerma-Santiago-Pacífico,232852.0,58.6380879319378,87170.925,0.0,102.34752,21.6383
14071,San Cristóbal de la Barranca,Jalisco,ARENAL,Lerma-Santiago-Pacífico,2924.0,54.382333089295,0.371,0.0,0.0,4.5095600000000005
14072,San Diego de Alejandría,Jalisco,RÍO TURBIO,Lerma-Santiago-Pacífico,7609.0,57.4509303493604,107.795,0.0,0.0,19.96877
14073,San Juan de los Lagos,Jalisco,LAGOS DE MORENO,Lerma-Santiago-Pacífico,72230.0,58.2880559875209,4879.966,0.0,1.33739,88.83715
14074,San Julián,Jalisco,SAN JOSÉ DE LAS PILAS,Lerma-Santiago-Pacífico,16792.0,58.2926065820289,1048.301,0.0,0.0,3.30372
14076,San Martín de Bolaños,Jalisco,TLALTENANGO-TEPECHITLÁN,Lerma-Santiago-Pacífico,3095.0,53.3819718255399,11.645,0.0,0.0,1.01818
14077,San Martín Hidalgo,Jalisco,UNIÓN DE TULA,Lerma-Santiago-Pacífico,28102.0,57.5220420237496,348.934,45.094,0.34262,45.39825
14078,San Miguel el Alto,Jalisco,OCOTLÁN,Lerma-Santiago-Pacífico,31965.0,57.623208743836,2353.444,0.0,0.0,37.48298
14080,San Sebastián del Oeste,Jalisco,MIXTLÁN,Lerma-Santiago-Pacífico,5086.0,55.3418818201936,4.425,0.0,0.0,4.509460000000001
14081,Santa María de los Ángeles,Jalisco,VILLA GUERRERO,Lerma-Santiago-Pacífico,3515.0,55.1148062210707,8.659,0.0,0.0,2.48407
14082,Sayula,Jalisco,CIUDAD GUZMÁN,Lerma-Santiago-Pacífico,37186.0,58.7429088079545,1490.413,73.303,1.2344,54.18034
14083,Tala,Jalisco,LAGUNAS,Lerma-Santiago-Pacífico,87690.0,58.5579720860281,4611.5160000000005,6.381,10.96451,113.55606
14084,Talpa de Allende,Jalisco,TOMATLÁN,Lerma-Santiago-Pacífico,14997.0,57.0865752530436,119.753,0.0,0.00455,7.61604
14085,Tamazula de Gordiano,Jalisco,CIUDAD GUZMÁN,Lerma-Santiago-Pacífico,38955.0,57.512424140821,2380.968,0.58,7.63184,80.20785000000001
14086,Tapalpa,Jalisco,JIQUILPAN,Lerma-Santiago-Pacífico,21245.0,56.5667974647515,123.056,0.0,1.41609,28.121270000000003
14087,Tecalitlán,Jalisco,OSTULA,Lerma-Santiago-Pacífico,16705.0,56.9507872280508,73.214,0.0,0.00053,20.37813
14088,Tecolotlán,Jalisco,AUTLÁN,Lerma-Santiago-Pacífico,16603.0,57.8511448403694,302.33799999999997,0.0,0.21885,17.525750000000002
14089,Techaluta de Montenegro,Jalisco,AUTLÁN,Lerma-Santiago-Pacífico,4072.0,55.9364394093109,7.926,0.0,0.0,5.2032
14090,Tenamaxtlán,Jalisco,AUTLÁN,Lerma-Santiago-Pacífico,7302.0,56.9529360653482,77.04,0.0,0.00033,6.38541
14091,Teocaltiche,Jalisco,LAGOS DE MORENO,Lerma-Santiago-Pacífico,39839.0,57.1148795594554,300.988,0.5309999999999999,0.15821,38.74817
14092,Teocuitatlán de Corona,Jalisco,TIZAPÁN,Lerma-Santiago-Pacífico,11039.0,56.0448422210952,195.705,0.0,0.00137,38.83301
14093,Tepatitlán de Morelos,Jalisco,OCOTLÁN,Lerma-Santiago-Pacífico,150190.0,59.1237133258666,13297.351,0.0,9.50426,60.69339
14095,Teuchitlán,Jalisco,ARENAL,Lerma-Santiago-Pacífico,9647.0,57.3013674111292,22.162,12.284,0.0,35.30344
14096,Tizapán el Alto,Jalisco,TIZAPÁN,Lerma-Santiago-Pacífico,22758.0,57.0152420497042,86.119,43.792,0.0,14.85163
14097,Tlajomulco de Zúñiga,Jalisco,LAGUNAS,Lerma-Santiago-Pacífico,727750.0,59.9504294537918,91121.785,33.694,83.19435,92.23772
14098,Tuxpan,Jalisco,ALZADA-TEPAMES,Lerma-Santiago-Pacífico,687127.0,60.0936135138161,90214.989,0.0,33.4604,16.41529
14099,Tolimán,Jalisco,COLIMA,Lerma-Santiago-Pacífico,11219.0,54.0856193248939,21.061,0.543,0.20697,18.43307
14102,Tonaya,Jalisco,AUTLÁN,Lerma-Santiago-Pacífico,5961.0,56.7078140746701,360.173,0.0,0.0,6.480729999999999
14103,Tonila,Jalisco,ALZADA-TEPAMES,Lerma-Santiago-Pacífico,7565.0,56.6318364929324,36.894,0.0,0.0,17.745820000000002
14104,Totatiche,Jalisco,TLALTENANGO-TEPECHITLÁN,Lerma-Santiago-Pacífico,4180.0,55.6579100639381,15.881,0.0,0.0,3.36794
14105,Tototlán,Jalisco,PONCITLÁN,Lerma-Santiago-Pacífico,23573.0,57.8106105633017,6014.766,8.555,2.48572,20.317280000000004
14106,Tuxcacuesco,Jalisco,AUTLÁN,Lerma-Santiago-Pacífico,5482.0,54.6741648285152,3.622,0.0,0.0,23.03906
14107,Tuxcueca,Jalisco,TIZAPÁN,Lerma-Santiago-Pacífico,6702.0,56.2111456884431,32.663,45.309,0.00674,4.64262
14109,Unión de San Antonio,Jalisco,RÍO TURBIO,Lerma-Santiago-Pacífico,19069.0,55.7614463904937,2317.9680000000003,0.0,1.00277,40.58606
14110,Unión de Tula,Jalisco,AUTLÁN,Lerma-Santiago-Pacífico,13799.0,58.4865609129276,88.078,38.192,0.0,14.87549
14111,Valle de Guadalupe,Jalisco,TEPATITLÁN,Lerma-Santiago-Pacífico,6627.0,57.2541336081359,121.158,0.0,0.20366,9.3092
14112,Valle de Juárez,Jalisco,CIUDAD GUZMÁN,Lerma-Santiago-Pacífico,6151.0,56.2892011058668,110.087,0.0,0.0,3.67953
14113,San Gabriel,Jalisco,CIUDAD GUZMÁN,Lerma-Santiago-Pacífico,16548.0,56.2676647535904,189.252,0.0,0.0,17.2412
14114,Villa Corona,Jalisco,AUTLÁN,Lerma-Santiago-Pacífico,19063.0,57.4551970641766,202.451,0.857,0.57783,42.40881
14115,Villa Guerrero,Jalisco,SAN MARTÍN DE BOLAÑOS,Lerma-Santiago-Pacífico,5525.0,53.1203941707621,38.152,0.0,0.0,1.86401
14116,Villa Hidalgo,Jalisco,ENCARNACIÓN,Lerma-Santiago-Pacífico,20088.0,57.6087678929162,215.968,0.319,0.0,14.46753
14117,Cañadas de Obregón,Jalisco,VALLE DE GUADALUPE,Lerma-Santiago-Pacífico,4388.0,55.8449830188748,11.017,0.0,0.0,1.51177
14118,Yahualica de González Gallo,Jalisco,ALTOS DE JALISCO,Lerma-Santiago-Pacífico,22394.0,57.4565186639166,135.28199999999998,0.751,0.16141,27.43774
14119,Zacoalco de Torres,Jalisco,AUTLÁN,Lerma-Santiago-Pacífico,30472.0,57.3808090186902,356.799,0.0,1.60564,22.84882
14120,Zapopan,Jalisco,SAN ISIDRO,Lerma-Santiago-Pacífico,1476491.0,60.7295228613102,240144.654,10.597,103.5098,69.80367
14121,Zapotiltic,Jalisco,CIUDAD GUZMÁN,Lerma-Santiago-Pacífico,33713.0,58.4852367080425,5092.5650000000005,0.0,1.85649,60.91593
14122,Zapotitlán de Vadillo,Jalisco,COLIMA,Lerma-Santiago-Pacífico,7466.0,53.6408216428189,10.247,0.0,0.0,2.8274399999999997
14123,Zapotlán del Rey,Jalisco,CAJITITLÁN,Lerma-Santiago-Pacífico,19279.0,55.6755413433868,704.799,0.0,0.32611,30.29241
14124,Zapotlanejo,Jalisco,PONCITLÁN,Lerma-Santiago-Pacífico,64806.0,57.1799967156272,4858.661,2.2960000000000003,17.29491,127.86898
14125,San Ignacio Cerro Gordo,Jalisco,OCOTLÁN,Lerma-Santiago-Pacífico,18341.0,57.5154870793624,1095.255,0.0,10.06083,3.14356
14168,Tequila,Jalisco,ARENAL,,,,0.0,0.0,0.0,0.0
14186,Tomatlán,Jalisco,TOMATLÁN,,,,0.0,0.0,0.0,0.0
15001,Acambay de Ruíz Castañeda,México,IXTLAHUACA-ATLACOMULCO,Aguas del Valle de México,67872.0,52.7750350397093,708.9150000000001,0.731,0.0,18.50281
15002,Acolman,México,CUAUTITLÁN-PACHUCA,Aguas del Valle de México,171507.0,58.3893321583535,9356.471,0.0,24.67374,14.78856
15003,Aculco,México,POLOTITLÁN,Aguas del Valle de México,49266.0,52.8398605360553,552.313,0.985,0.0,19.525889999999997
15004,Almoloya de Alquisiras,México,ALTAMIRANO-CUTZAMALA,Balsas,15333.0,54.0692949876164,27.253,0.0,0.0,2.81811
15005,Almoloya de Juárez,México,VILLA VICTORIA-VALLE DE BRAVO,Lerma-Santiago-Pacífico,174587.0,55.0208093575604,1883.712,0.457,17.3275,31.62481
15006,Almoloya del Río,México,VALLE DE TOLUCA,Lerma-Santiago-Pacífico,12694.0,57.9947011427992,182.559,0.0,0.0,0.72461
15007,Amanalco,México,VILLA VICTORIA-VALLE DE BRAVO,Balsas,23675.0,53.5385848546041,18.033,32.278999999999996,0.0,53.69306
15008,Amatepec,México,ALTAMIRANO-CUTZAMALA,Balsas,25244.0,52.7637158822957,49.691,0.007,0.0,2.49276
15009,Amecameca,México,CUAUTLA-YAUTEPEC,Aguas del Valle de México,53441.0,57.8710471579132,634.424,0.0,0.0,0.152
15010,Apaxco,México,VALLE DEL MEZQUITAL,Aguas del Valle de México,31898.0,58.0617527169983,8083.056,0.0,0.45613,11.060430000000002
15011,Atenco,México,ZONA METROPOLITANA DE LA CD. DE MÉXICO,Aguas del Valle de México,75489.0,56.987059155138,748.649,0.0,0.0,10.94783
15012,Atizapán,México,VALLE DE TOLUCA,Lerma-Santiago-Pacífico,12984.0,57.1814782074509,467.83,0.0,0.0,1.17478
15013,Atizapán de Zaragoza,México,ZONA METROPOLITANA DE LA CD. DE MÉXICO,Aguas del Valle de México,523674.0,60.0444486219667,19631.415,0.0,13.16709,9.01301
15014,Atlacomulco,México,IXTLAHUACA-ATLACOMULCO,Lerma-Santiago-Pacífico,109384.0,56.2588100892081,24493.379,0.0,4.61723,11.20681
15015,Atlautla,México,ATLIXCO-IZÚCAR DE MATAMOROS,Balsas,31900.0,55.5118857552817,190.303,0.0,0.0,0.01799
15016,Axapusco,México,APAN,Aguas del Valle de México,29128.0,56.316356242488,487.493,0.0,6.80183,1.06462
15017,Ayapango,México,CUAUTLA-YAUTEPEC,Aguas del Valle de México,10053.0,56.7473588228833,10.434,0.0,0.0,0.01725
15018,Calimaya,México,VALLE DE TOLUCA,Lerma-Santiago-Pacífico,68489.0,58.3860933939114,240.258,0.0,0.20784,8.53021
15019,Capulhuac,México,VALLE DE TOLUCA,Lerma-Santiago-Pacífico,36921.0,58.7882143366636,2098.665,0.0,0.0572,1.73104
15020,Coacalco de Berriozábal,México,CUAUTITLÁN-PACHUCA,Aguas del Valle de México,293444.0,60.9474221057646,3374.5609999999997,0.0,0.04425,1.78929
15021,Coatepec Harinas,México,TENANCINGO,Balsas,38643.0,53.8645161498103,83.874,0.0,0.0,58.231840000000005
15022,Cocotitlán,México,CHALCO-AMECAMECA,Aguas del Valle de México,15107.0,57.7209686239134,200.185,0.0,0.0,0.10273
15023,Rayón,México,VALLE DE TOLUCA,Aguas del Valle de México,40885.0,58.455142130742,1000.613,0.0,0.0,6.75439
15024,Cuautitlán,México,CUAUTITLÁN-PACHUCA,Aguas del Valle de México,178847.0,60.4532758786705,40742.298,0.0,8.21595,52.6989
15025,Chalco,México,CHALCO-AMECAMECA,Aguas del Valle de México,400057.0,57.8421149495718,8106.716,0.0,10.72391,12.82125
15026,Chapa de Mota,México,IXTLAHUACA-ATLACOMULCO,Aguas del Valle de México,31737.0,54.4480212259194,165.931,0.0,0.17556,6.69416
15027,Chapultepec,México,VALLE DE TOLUCA,Lerma-Santiago-Pacífico,12772.0,58.6309456024267,20.579,0.0,0.0,0.0525
15029,Chicoloapan,México,TEXCOCO,Aguas del Valle de México,200750.0,58.9428380369801,1836.408,0.0,4.23909,5.66883
15030,Chiconcuac,México,TEXCOCO,Aguas del Valle de México,27692.0,58.4280052369662,256.953,0.0,0.0,1.78032
15031,Chimalhuacán,México,TEXCOCO,Aguas del Valle de México,705193.0,57.8019731893664,2483.718,0.0,0.0,2.84667
15032,Donato Guerra,México,HUETAMO,Balsas,37436.0,51.3089834194411,24.12,12.237,0.0,16.0797
15033,Ecatepec de Morelos,México,ZONA METROPOLITANA DE LA CD. DE MÉXICO,Aguas del Valle de México,1645352.0,59.5106884993079,155151.953,0.0,238.20565,45.38909
15034,Ecatzingo,México,CUAUTLA-YAUTEPEC,Balsas,10827.0,56.2483861797893,28.779,0.0,0.0,0.0
15035,Huehuetoca,México,TEPEJI DEL RÍO,Aguas del Valle de México,163244.0,59.1562287026604,12932.909,0.0,9.32809,7.528980000000001
15036,Hueypoxtla,México,CUAUTITLÁN-PACHUCA,Aguas del Valle de México,46757.0,56.8907355104959,303.214,0.0,0.0,1.93962
15037,Coyotepec,México,CUAUTITLÁN-PACHUCA,Aguas del Valle de México,284965.0,59.1984328386694,1774.506,8.055,0.68399,15.70375
15038,Isidro Fabela,México,VALLE DE TOLUCA,Aguas del Valle de México,11929.0,56.2872796236821,14.675,9.253,0.0,5.35968
15039,Ixtapaluca,México,VALLE DE PUEBLA,Aguas del Valle de México,542211.0,58.9256262064893,17811.689000000002,0.0,21.71595,17.54093
15040,Ixtapan de la Sal,México,BUENAVISTA DE CUÉLLAR,Balsas,36911.0,56.3260722540851,106.627,0.0,2.21708,10.64804
15041,Ixtapan del Oro,México,HUETAMO,Balsas,6475.0,52.0516377992046,7.128,0.0,0.0,2.1912
15042,Ixtlahuaca,México,VILLA VICTORIA-VALLE DE BRAVO,Lerma-Santiago-Pacífico,160139.0,55.2078652199439,2996.645,0.0,1.28265,26.35186
15043,Xalatlaco,México,CUERNAVACA,Lerma-Santiago-Pacífico,30687.0,56.7539379499164,146.863,0.0,0.0,0.18341
15044,Jaltenco,México,CUAUTITLÁN-PACHUCA,Aguas del Valle de México,28217.0,59.7375364167683,181.599,0.0,0.0,15.53889
15046,Jilotzingo,México,ZONA METROPOLITANA DE LA CD. DE MÉXICO,Aguas del Valle de México,19877.0,56.5783783767566,223.053,3.365,0.57457,4.5107
15047,Chiautla,México,TEXCOCO,Lerma-Santiago-Pacífico,76826.0,54.7573328375386,36.006,0.0,0.0,20.05329
15048,Jocotitlán,México,IXTLAHUACA-ATLACOMULCO,Lerma-Santiago-Pacífico,69264.0,56.4647966957885,10240.857,0.0,1.4759,15.41207
15049,Joquicingo,México,TENANCINGO,Balsas,15428.0,55.6149598163669,35.457,0.0,0.0,0.0
15050,Juchitepec,México,CUAUTLA-YAUTEPEC,Balsas,27116.0,57.0456403746941,83.947,0.0,0.0,0.0
15051,Lerma,México,ZONA METROPOLITANA DE LA CD. DE MÉXICO,Lerma-Santiago-Pacífico,170327.0,59.3077941296522,107208.705,0.0,83.54937,16.40409
15052,Malinalco,México,ZACATEPEC,Balsas,28155.0,54.637655843971,80.15899999999999,0.0,2.19729,43.16321
15055,Mexicaltzingo,México,VALLE DE TOLUCA,Lerma-Santiago-Pacífico,13807.0,58.8696477501044,280.736,0.0,0.00963,0.26892
15056,Morelos,México,IXTLAHUACA-ATLACOMULCO,Aguas del Valle de México,33164.0,51.6659987825431,346.53900000000004,0.0,0.0,1.24428
15057,Naucalpan de Juárez,México,ZONA METROPOLITANA DE LA CD. DE MÉXICO,Aguas del Valle de México,834434.0,59.5112241221154,98363.279,0.372,20.01957,9.83009
15058,Nezahualcóyotl,México,ZONA METROPOLITANA DE LA CD. DE MÉXICO,Aguas del Valle de México,1077208.0,59.4154480130066,11178.745,0.0,0.0,0.0
15059,Nextlalpan,México,CUAUTITLÁN-PACHUCA,Aguas del Valle de México,57082.0,58.3600958496088,204.386,0.0,0.04209,33.62247
15060,Nicolás Romero,México,IXTLAHUACA-ATLACOMULCO,Aguas del Valle de México,430601.0,58.6036528944795,3176.571,7.263999999999999,0.19679,2.8969
15061,Nopaltepec,México,CUAUTITLÁN-PACHUCA,Aguas del Valle de México,10351.0,56.8356593550787,217.363,0.0,0.05841,0.00649
15062,Ocoyoacac,México,ZONA METROPOLITANA DE LA CD. DE MÉXICO,Lerma-Santiago-Pacífico,72103.0,58.6971613524029,19993.827,8.332,11.58891,9.47526
15063,Ocuilan,México,ZACATEPEC,Balsas,36223.0,54.6187612306828,23.486,7.309,0.0,5.80118
15064,El Oro,México,IXTLAHUACA-ATLACOMULCO,Lerma-Santiago-Pacífico,36937.0,54.8532153000352,73.525,0.0,0.0,4.31903
15065,Otumba,México,TEXCOCO,Aguas del Valle de México,36331.0,56.9895755168096,246.512,0.0,0.0,2.56075
15066,Otzoloapan,México,TEMASCALTEPEC,Balsas,4891.0,54.0222446615773,4.234,0.0,0.0,0.19156
15067,Otzolotepec,México,VALLE DE TOLUCA,Lerma-Santiago-Pacífico,88783.0,56.7050122684209,1464.353,0.0,0.0,4.78344
15068,Ozumba,México,CUAUTLA-YAUTEPEC,Balsas,30785.0,56.085230128654,317.22999999999996,0.0,0.0,0.0
15069,Papalotla,México,TEXCOCO,Aguas del Valle de México,4862.0,57.8103765235517,117.399,0.0,0.0,0.76345
15070,La Paz,México,ZONA METROPOLITANA DE LA CD. DE MÉXICO,Aguas del Valle de México,304088.0,57.4383444491744,22744.804,0.0,46.91829,2.85132
15071,Polotitlán,México,POLOTITLÁN,Aguas del Valle de México,14985.0,56.0249551539035,1304.8490000000002,0.0,0.0,6.563789999999999
15073,San Antonio la Isla,México,VALLE DE TOLUCA,Lerma-Santiago-Pacífico,31962.0,59.7193742662461,5969.202,0.0,0.0,1.44283
15074,San Felipe del Progreso,México,VILLA VICTORIA-VALLE DE BRAVO,Lerma-Santiago-Pacífico,144924.0,52.2588255953042,158.415,1.152,0.0,30.638679999999997
15075,San Martín de las Pirámides,México,TEXCOCO,Aguas del Valle de México,29182.0,57.7114697877946,1408.692,0.0,0.03743,1.68153
15076,San Mateo Atenco,México,VALLE DE TOLUCA,Lerma-Santiago-Pacífico,97418.0,58.9621005848408,7685.042,0.0,0.0,0.48821
15077,San Simón de Guerrero,México,ALTAMIRANO-CUTZAMALA,Balsas,6692.0,53.8550805696197,7.377,0.0,0.0,0.12182
15078,Santo Tomás,México,TEMASCALTEPEC,Balsas,9729.0,54.9656106906239,9.02,0.333,0.0,1.9723
15079,Soyaniquilpan de Juárez,México,VALLE DEL MEZQUITAL,Aguas del Valle de México,14323.0,55.7048560989425,336.459,0.0,3.70609,26.49295
15080,Sultepec,México,ALTAMIRANO-CUTZAMALA,Balsas,24145.0,51.6389489230125,19.433999999999997,0.0,0.00144,0.13045
15081,Tecámac,México,CUAUTITLÁN-PACHUCA,Aguas del Valle de México,547503.0,60.1165617134056,11714.119,0.0,15.25041,32.35277
15082,Tejupilco,México,ALTAMIRANO-CUTZAMALA,Balsas,79282.0,54.033257350005,233.52,0.0,0.00183,5.42019
15083,Temamatla,México,CHALCO-AMECAMECA,Aguas del Valle de México,14130.0,56.9616908510154,34.801,0.0,0.0,0.51609
15084,Temascalapa,México,CUAUTITLÁN-PACHUCA,Aguas del Valle de México,43593.0,56.8659783014653,201.847,0.0,0.0,0.89254
15085,Temascalcingo,México,IXTLAHUACA-ATLACOMULCO,Lerma-Santiago-Pacífico,66414.0,54.6960360215221,677.856,0.0,0.25978,16.1977
15086,Temascaltepec,México,TEMASCALTEPEC,Balsas,35014.0,52.9101554133334,17.765,16.663,0.04679,30.35869
15087,Temoaya,México,IXTLAHUACA-ATLACOMULCO,Lerma-Santiago-Pacífico,105766.0,55.6308545631773,299.183,0.984,0.0,19.9888
15088,Tenancingo,México,TENANCINGO,Balsas,104677.0,56.3096708080365,391.903,0.0,0.38284,20.59602
15089,Tenango del Aire,México,CUAUTLA-YAUTEPEC,Aguas del Valle de México,11359.0,57.6397975884192,52.351,0.0,0.0,0.53
15090,Tenango del Valle,México,TENANCINGO,Lerma-Santiago-Pacífico,90518.0,56.7073643694487,3824.164,0.0,1.01396,4.17776
15091,Teoloyucan,México,CUAUTITLÁN-PACHUCA,Aguas del Valle de México,65459.0,58.8909145602834,2202.874,0.0,2.96288,30.97632
15092,Teotihuacán,México,CUAUTITLÁN-PACHUCA,Aguas del Valle de México,58507.0,58.2626334105002,4823.713,0.0,13.75738,11.85907
15093,Tepetlaoxtoc,México,TEXCOCO,Aguas del Valle de México,32564.0,57.1654846883447,309.717,0.0,9.73299,6.35972
15094,Tepetlixpa,México,CUAUTLA-YAUTEPEC,Balsas,20500.0,56.3165283563294,83.681,0.0,0.0,0.0
15095,Tepotzotlán,México,TEPEJI DEL RÍO,Aguas del Valle de México,103696.0,58.1570885980362,39835.418,0.0,77.22086,10.64302
15096,Tequixquiac,México,CUAUTITLÁN-PACHUCA,Aguas del Valle de México,39489.0,58.5875685555793,629.414,0.0,0.0,13.12122
15097,Texcaltitlán,México,ALTAMIRANO-CUTZAMALA,Balsas,18482.0,53.5437211461746,25.947,0.0,0.00319,4.66836
15098,Texcalyacac,México,TENANCINGO,Lerma-Santiago-Pacífico,5736.0,58.6034447832486,28.47,0.0,0.0,0.51502
15099,Texcoco,México,VALLE DE PUEBLA,Aguas del Valle de México,277562.0,57.6734713635661,9541.485,0.0,15.81857,63.46586
15100,Tezoyuca,México,TEXCOCO,Aguas del Valle de México,47044.0,55.8593612094664,562.144,0.0,0.05136,2.00002
15101,Tianguistenco,México,TENANCINGO,Lerma-Santiago-Pacífico,84259.0,57.0256828517235,57725.572,0.0,4.48372,2.6363499999999997
15102,Timilpan,México,IXTLAHUACA-ATLACOMULCO,Aguas del Valle de México,16414.0,55.5768463252931,563.413,0.0,0.0,1.06048
15103,Tlalmanalco,México,VALLE DE PUEBLA,Aguas del Valle de México,49196.0,59.0269357545096,787.31,0.0,0.0,0.38
15104,Tlalnepantla de Baz,México,ZONA METROPOLITANA DE LA CD. DE MÉXICO,Aguas del Valle de México,672202.0,60.0298154572752,117933.955,0.0,132.96334,17.89425
15105,Tlatlaya,México,ALTAMIRANO-CUTZAMALA,Balsas,31762.0,52.1900800672599,14.076,0.297,0.0,0.74049
15106,Toluca,México,VILLA VICTORIA-VALLE DE BRAVO,Lerma-Santiago-Pacífico,910608.0,59.2839719834847,314994.825,0.0,321.77691,37.73734
15107,Tonatico,México,BUENAVISTA DE CUÉLLAR,Balsas,12912.0,57.0838983356463,44.75,0.0,0.0,8.50508
15108,Tultepec,México,CUAUTITLÁN-PACHUCA,Aguas del Valle de México,157645.0,59.7177324368111,10982.503,0.0,1.40284,0.95035
15109,Tultitlán,México,ZONA METROPOLITANA DE LA CD. DE MÉXICO,Aguas del Valle de México,516341.0,59.9872455123799,68874.353,0.0,67.20957,10.72879
15110,Valle de Bravo,México,TEMASCALTEPEC,Balsas,61590.0,56.8107855470385,221.682,9.856,1.54743,37.35693
15111,Villa de Allende,México,HUETAMO,Balsas,53275.0,52.5274688610171,60.092,0.0,0.0,3.35871
15112,Villa del Carbón,México,IXTLAHUACA-ATLACOMULCO,Aguas del Valle de México,51498.0,53.6074728043998,150.592,20.456,0.0,14.80857
15114,Villa Victoria,México,VILLA VICTORIA-VALLE DE BRAVO,Balsas,108196.0,50.4215142696938,313.628,9.062,0.0,4.90507
15115,Xonacatlán,México,VALLE DE TOLUCA,Lerma-Santiago-Pacífico,54633.0,58.1416849347648,228.462,0.0,0.0,2.36106
15116,Zacazonapan,México,TEMASCALTEPEC,Balsas,5109.0,55.5199407529248,62.874,0.0,1.90773,0.90268
15118,Zinacantepec,México,VILLA VICTORIA-VALLE DE BRAVO,Lerma-Santiago-Pacífico,203872.0,58.3289806504099,6927.79,3.282,17.82329,8.1629
15119,Zumpahuacán,México,BUENAVISTA DE CUÉLLAR,Balsas,18833.0,52.2106690237787,11.661,0.0,0.0,8.37397
15120,Zumpango,México,CUAUTITLÁN-PACHUCA,Aguas del Valle de México,280455.0,58.5428109545988,875.536,0.0,0.0,73.05809
15121,Cuautitlán Izcalli,México,ZONA METROPOLITANA DE LA CD. DE MÉXICO,Aguas del Valle de México,555163.0,60.6330017215897,153529.36299999998,0.0,177.55171,12.1207
15122,Valle de Chalco Solidaridad,México,CHALCO-AMECAMECA,Aguas del Valle de México,391731.0,57.842075197698,3185.493,0.0,0.0,0.0
15123,Luvianos,México,ALTAMIRANO-CUTZAMALA,Balsas,28822.0,51.4452145772518,58.073,0.0,0.0,15.81725
15124,San José del Rincón,México,HUETAMO,Lerma-Santiago-Pacífico,100082.0,51.3136757810849,31.180999999999997,0.0,0.0,1.83246
15125,Tonanitla,México,CUAUTITLÁN-PACHUCA,Aguas del Valle de México,14883.0,58.0334425267733,32.154,0.0,0.0,0.56
15198,Zacualpan,México,IGUALA,,,,0.0,0.0,0.0,0.0
16001,Acuitzio,Michoacán,MORELIA-QUERÉNDARO,Lerma-Santiago-Pacífico,11301.0,55.5208332560494,70.013,0.212,0.01654,8.165930000000001
16002,Aguililla,Michoacán,OSTULA,Lerma-Santiago-Pacífico,14754.0,54.4348356055634,121.937,0.119,0.0,17.99427
16004,Angamacutiro,Michoacán,PASTOR ORTÍZ-LA PIEDAD,Lerma-Santiago-Pacífico,14943.0,55.3719219297881,30.307,41.090999999999994,0.0,97.0813
16005,Angangueo,Michoacán,CIUDAD HIDALGO-TUXPAN,Balsas,10892.0,54.7175607291958,40.991,0.103,0.0,1.05875
16006,Apatzingán,Michoacán,LÁZARO CÁRDENAS,Balsas,126191.0,56.2239695713675,1876.844,0.0,0.72807,257.85866
16007,Aporo,Michoacán,CIUDAD HIDALGO-TUXPAN,Balsas,3529.0,54.1394548649169,26.245,0.0,0.0,1.76063
16008,Aquila,Michoacán,OSTULA,Lerma-Santiago-Pacífico,24676.0,45.8029235033452,8.502,57.598,0.06645,11.51188
16009,Ario,Michoacán,LA HUACANA,Balsas,36268.0,56.1161324946162,111.685,0.376,0.0842,100.48015
16010,Álvaro Obregón,Michoacán,MORELIA-QUERÉNDARO,Balsas,20332.0,54.3086513354042,68.333,37.775,0.00027,17.459930000000004
16011,Briseñas,Michoacán,CIÉNEGA DE CHAPALA,Lerma-Santiago-Pacífico,11681.0,56.1030893074492,66.549,17.394000000000002,0.0,22.43882
16012,Buenavista,Michoacán,APATZINGÁN,Balsas,45538.0,54.5733475130326,286.114,0.0,1.02363,440.36939000000007
16013,Carácuaro,Michoacán,HUETAMO,Balsas,9176.0,52.0859439168709,21.282,0.0,0.0,0.31998
16014,Coahuayana,Michoacán,OSTULA,Lerma-Santiago-Pacífico,17022.0,55.4922993564759,54.687,51.212,0.0,207.96938
16015,Coalcomán de Vázquez Pallares,Michoacán,OSTULA,Lerma-Santiago-Pacífico,19633.0,55.0523571202414,107.374,0.0,0.00627,10.93588
16016,Hidalgo,Michoacán,HUETAMO,Lerma-Santiago-Pacífico,20965.0,54.3965679715301,64.94,0.0,0.0,9.80931
16017,Contepec,Michoacán,IXTLAHUACA-ATLACOMULCO,Lerma-Santiago-Pacífico,35070.0,53.7837857127363,30.534,0.0,0.61463,31.97197
16018,Copándaro,Michoacán,MORELIA-QUERÉNDARO,Lerma-Santiago-Pacífico,9484.0,54.9168003125041,11.207,0.0,0.0,5.89254
16019,Lagunillas,Michoacán,MORELIA-QUERÉNDARO,Balsas,20198.0,56.5040598607912,451.86,0.787,0.0,12.41984
16020,Cuitzeo,Michoacán,MORELIA-QUERÉNDARO,Lerma-Santiago-Pacífico,29910.0,55.4465030805843,370.516,53.128,0.09865,7.97093
16021,Charapan,Michoacán,COTIJA,Balsas,13539.0,49.7210255264174,122.19,0.0,0.0,0.49843
16022,Charo,Michoacán,HUETAMO,Lerma-Santiago-Pacífico,25138.0,55.4545219728321,43.72,0.0,0.00174,14.01088
16023,Chavinda,Michoacán,ZAMORA,Lerma-Santiago-Pacífico,10417.0,56.1907594320442,331.801,0.0,0.0,28.21223
16024,Cherán,Michoacán,URUAPAN,Lerma-Santiago-Pacífico,20586.0,54.522100470383,205.862,0.0,0.0,0.0
16025,Chilchota,Michoacán,ZAMORA,Lerma-Santiago-Pacífico,40560.0,54.1673981306571,498.941,2.669,0.0,8.07004
16026,Chinicuila,Michoacán,OSTULA,Lerma-Santiago-Pacífico,4773.0,52.6845548614317,3.338,0.0,0.0,6.56619
16027,Chucándiro,Michoacán,MORELIA-QUERÉNDARO,Lerma-Santiago-Pacífico,4944.0,53.0979527872902,11.643,0.0,0.0,7.55793
16028,Churintzio,Michoacán,ZAMORA,Lerma-Santiago-Pacífico,5233.0,56.1250554840738,28.364,0.0,0.0,12.29357
16029,Churumuco,Michoacán,LÁZARO CÁRDENAS,Balsas,12342.0,50.2026295240015,402.101,84.685,0.0,12.4533
16030,Ecuandureo,Michoacán,ZAMORA,Lerma-Santiago-Pacífico,11850.0,55.0513164689742,500.38,14.382,1.38915,35.97183
16031,Juárez,Michoacán,HUETAMO,Lerma-Santiago-Pacífico,16112.0,54.1069094021507,16.918,0.96,0.0,36.62513
16032,Erongarícuaro,Michoacán,LAGUNILLAS PÁTZCUARO,Lerma-Santiago-Pacífico,15715.0,54.9513810967818,38.575,9.209,0.0,0.6715099999999999
16033,Gabriel Zamora,Michoacán,LA HUACANA,Balsas,21466.0,55.554996717429,117.632,4.517,0.0,110.17135
16035,La Huacana,Michoacán,LÁZARO CÁRDENAS,Balsas,30627.0,53.0841076746778,65.178,111.501,0.0,173.23092000000003
16036,Huandacareo,Michoacán,MORELIA-QUERÉNDARO,Lerma-Santiago-Pacífico,11644.0,56.5076200133437,45.694,0.0,0.01859,9.21709
16037,Huaniqueo,Michoacán,MORELIA-QUERÉNDARO,Lerma-Santiago-Pacífico,7945.0,54.3165695782266,25.658,0.0,0.0,6.42995
16038,Huetamo,Michoacán,PASO DE ARENA,Balsas,41973.0,54.1138169169195,199.023,26.027,0.08452,19.51531
16039,Huiramba,Michoacán,MORELIA-QUERÉNDARO,Lerma-Santiago-Pacífico,9015.0,55.5738548543853,15.239,0.0,0.00156,0.8749100000000001
16040,Indaparapeo,Michoacán,HUETAMO,Lerma-Santiago-Pacífico,18385.0,54.7452629609255,77.359,0.0,0.0,31.40915
16041,Irimbo,Michoacán,CIUDAD HIDALGO-TUXPAN,Lerma-Santiago-Pacífico,16043.0,54.1609900707135,68.27799999999999,0.0,0.0016,35.09406
16042,Ixtlán,Michoacán,ZAMORA,Lerma-Santiago-Pacífico,14302.0,55.2016207148845,245.574,0.0,0.0,83.10413
16043,Jacona,Michoacán,ZAMORA,Lerma-Santiago-Pacífico,68781.0,57.2443166684179,5640.272,19.678,11.55364,26.389900000000004
16044,Jiménez,Michoacán,ZACAPU,Lerma-Santiago-Pacífico,12946.0,55.2772616698879,42.192,0.0,0.0,12.50534
16045,Jiquilpan,Michoacán,COTIJA,Lerma-Santiago-Pacífico,36158.0,57.5414570062574,1130.186,0.0,1.02979,16.43448
16047,Jungapeo,Michoacán,HUETAMO,Balsas,19834.0,54.8261275467996,49.159,0.0,0.0121,24.84005
16049,Madero,Michoacán,HUETAMO,Balsas,19086.0,52.08992382041,44.482,3.758,0.00975,10.75043
16050,Maravatío,Michoacán,CIUDAD HIDALGO-TUXPAN,Lerma-Santiago-Pacífico,89311.0,55.1878311554661,280.49399999999997,0.0,0.00329,125.48368
16051,Marcos Castellanos,Michoacán,QUITUPAN,Lerma-Santiago-Pacífico,13983.0,58.7936730414104,935.113,0.0,0.0,1.84616
16053,Morelia,Michoacán,HUETAMO,Lerma-Santiago-Pacífico,849053.0,59.3944378250976,37888.008,9.5,22.6444,50.88286
16055,Múgica,Michoacán,APATZINGÁN,Balsas,45732.0,55.521034975099,232.342,16.341,0.05914,203.00227
16056,Nahuatzen,Michoacán,URUAPAN,Lerma-Santiago-Pacífico,32598.0,52.1288602183374,472.937,0.0,0.0,0.06168
16057,Nocupétaro,Michoacán,TACÁMBARO-TURICATO,Balsas,8196.0,50.6171391980445,22.847,0.0,0.0,0.39271
16058,Nuevo Parangaricutiro,Michoacán,APATZINGÁN,Balsas,20981.0,57.3236910088425,483.531,0.0,0.03725,21.06421
16059,Nuevo Urecho,Michoacán,LA HUACANA,Balsas,9027.0,54.3380688688435,3.016,13.469,0.0,78.94932999999999
16060,Numarán,Michoacán,LA PIEDAD,Lerma-Santiago-Pacífico,9437.0,55.4871855410346,46.145,1.392,0.08824,10.02859
16061,Ocampo,Michoacán,HUETAMO,Balsas,24774.0,53.6838880176803,96.563,15.067,0.0,7.80729
16062,Pajacuarán,Michoacán,ZAMORA,Lerma-Santiago-Pacífico,21028.0,55.3950634417834,79.349,0.0,0.0,66.08889
16063,Panindícuaro,Michoacán,PASTOR ORTÍZ-LA PIEDAD,Lerma-Santiago-Pacífico,14889.0,55.1031659080392,102.477,0.0,0.25331,10.48539
16064,Parácuaro,Michoacán,APATZINGÁN,Balsas,26832.0,54.0615146534101,61.949,0.0,0.0,300.19357
16065,Paracho,Michoacán,URUAPAN,Balsas,39657.0,54.1371733923324,614.0889999999999,0.0,0.0,0.01037
16066,Pátzcuaro,Michoacán,MORELIA-QUERÉNDARO,Lerma-Santiago-Pacífico,98382.0,56.7188892104449,601.608,19.808,0.3896,2.78579
16067,Penjamillo,Michoacán,ZAMORA,Lerma-Santiago-Pacífico,16621.0,54.8867932882303,40.202,0.0,0.0,18.13464
16068,Peribán,Michoacán,APATZINGÁN,Balsas,29389.0,57.3084270374388,179.857,3.82,0.03731,64.89821
16069,La Piedad,Michoacán,LA PIEDAD,Lerma-Santiago-Pacífico,106490.0,58.2799022326766,5617.776,0.0,6.07302,59.97855
16070,Purépero,Michoacán,ZACAPU,Lerma-Santiago-Pacífico,15503.0,57.7734164944307,746.492,0.0,0.0073,2.86846
16071,Puruándiro,Michoacán,PASTOR ORTÍZ-LA PIEDAD,Lerma-Santiago-Pacífico,69260.0,56.1135345519464,258.744,4.642,0.0,47.57201
16072,Queréndaro,Michoacán,HUETAMO,Lerma-Santiago-Pacífico,13961.0,55.8600085888221,44.995,0.0,0.0,2.42474
16073,Quiroga,Michoacán,MORELIA-QUERÉNDARO,Lerma-Santiago-Pacífico,27176.0,55.3159955022962,381.868,15.04,0.0,0.80076
16074,Cojumatlán de Régules,Michoacán,TIZAPÁN,Lerma-Santiago-Pacífico,10553.0,56.2208238524918,99.597,54.255,0.0,6.2373199999999995
16076,Sahuayo,Michoacán,CIÉNEGA DE CHAPALA,Lerma-Santiago-Pacífico,78477.0,57.8040980680807,1891.397,0.0,2.47704,20.504759999999997
16077,San Lucas,Michoacán,PASO DE ARENA,Balsas,17677.0,51.9636423498246,64.022,0.0,0.00899,1.28347
16078,Santa Ana Maya,Michoacán,MORELIA-QUERÉNDARO,Lerma-Santiago-Pacífico,12812.0,55.9891267666508,68.227,1.384,0.0054,17.63261
16079,Salvador Escalante,Michoacán,TACÁMBARO-TURICATO,Balsas,49896.0,54.7056721893059,561.385,0.711,0.00367,27.68185
16080,Senguio,Michoacán,CIUDAD HIDALGO-TUXPAN,Lerma-Santiago-Pacífico,19833.0,53.9194023375889,18.612,0.0,0.0,20.86475
16081,Susupuato,Michoacán,TEMASCALTEPEC,Balsas,9076.0,50.2818045098911,0.869,0.0,0.0,4.13694
16082,Tacámbaro,Michoacán,TACÁMBARO-TURICATO,Balsas,79540.0,56.2759492599652,993.806,10.295,8.86361,157.66946000000002
16083,Tancítaro,Michoacán,APATZINGÁN,Balsas,33453.0,55.9180696016468,53.599,2.969,0.0,21.632150000000003
16084,Tangamandapio,Michoacán,COTIJA,Lerma-Santiago-Pacífico,31716.0,54.2513248442696,125.517,19.12,0.0,6.01441
16085,Tangancícuaro,Michoacán,ZAMORA,Lerma-Santiago-Pacífico,35256.0,55.2643211761604,223.434,0.0,0.02085,57.50179
16086,Tanhuato,Michoacán,ZAMORA,Lerma-Santiago-Pacífico,15534.0,56.8193987991662,88.03399999999999,0.0,3.4361,64.77239999999999
16087,Taretan,Michoacán,NUEVA ITALIA,Balsas,15589.0,56.6534560818137,555.435,4.153,1.13597,70.49873000000001
16088,Tarímbaro,Michoacán,MORELIA-QUERÉNDARO,Lerma-Santiago-Pacífico,114513.0,57.8355474082491,696.971,0.938,0.53611,51.979580000000006
16089,Tepalcatepec,Michoacán,APATZINGÁN,Balsas,24074.0,56.4405324427355,201.463,0.0,0.0,274.68142
16090,Tingambato,Michoacán,NUEVA ITALIA,Balsas,16325.0,56.2074394192865,122.219,0.433,0.0,1.1208900000000002
16091,Tingüindín,Michoacán,COTIJA,Balsas,14934.0,56.896149072051,238.598,0.0,0.0,24.26888
16092,Tiquicheo de Nicolás Romero,Michoacán,ALTAMIRANO-CUTZAMALA,Balsas,12836.0,50.4110654756438,35.9,31.039,0.00046,2.88063
16093,Tlalpujahua,Michoacán,IXTLAHUACA-ATLACOMULCO,Lerma-Santiago-Pacífico,28556.0,53.2808423535473,188.733,0.0,0.0,6.03929
16094,Tlazazalca,Michoacán,ZAMORA,Lerma-Santiago-Pacífico,6420.0,54.6605429720598,19.682,0.0,0.0,19.8569
16095,Tocumbo,Michoacán,COLOMOS,Balsas,12325.0,56.1137722418496,832.223,0.0,0.0,27.54953
16096,Tumbiscatío,Michoacán,LÁZARO CÁRDENAS,Lerma-Santiago-Pacífico,5971.0,51.9390523450763,8.565,0.0,0.0,2.70598
16097,Turicato,Michoacán,CHURUMUCO,Balsas,29056.0,51.7136160943774,96.018,1.338,0.0,7.76777
16098,Tuxpan,Michoacán,HUETAMO,Balsas,25757.0,54.9490922131266,43.759,0.922,0.00897,50.56721
16099,Tuzantla,Michoacán,TEMASCALTEPEC,Balsas,14329.0,51.9060997469425,18.639,0.203,0.0,17.46056
16100,Tzintzuntzan,Michoacán,LAGUNILLAS PÁTZCUARO,Lerma-Santiago-Pacífico,14911.0,54.35921924879,110.132,13.893,0.0001,1.97225
16101,Tzitzio,Michoacán,HUETAMO,Balsas,8855.0,48.781870097246,2.484,0.047,0.0,2.79873
16102,Uruapan,Michoacán,APATZINGÁN,Balsas,356786.0,58.3570321766065,7473.087,468.516,5.40342,86.36161
16104,Villamar,Michoacán,ZAMORA,Lerma-Santiago-Pacífico,15864.0,54.6564283252631,783.062,2.981,0.0,20.32519
16105,Vista Hermosa,Michoacán,CIÉNEGA DE CHAPALA,Lerma-Santiago-Pacífico,20982.0,56.6624752994663,9479.256,0.968,0.0,52.12199
16106,Venustiano Carranza,Michoacán,CIÉNEGA DE CHAPALA,Lerma-Santiago-Pacífico,32303.0,56.3826286444353,378.552,2.459,0.0,43.65628
16107,Zacapu,Michoacán,URUAPAN,Lerma-Santiago-Pacífico,76829.0,57.6541687032487,7034.379000000001,0.841,4.36861,61.95273
16108,Zamora,Michoacán,ZAMORA,Lerma-Santiago-Pacífico,204860.0,57.8827980507358,6198.433,69.173,6.41047,114.35781
16109,Zináparo,Michoacán,LA PIEDAD,Lerma-Santiago-Pacífico,3232.0,56.0782728068268,16.384,0.0,0.0,0.58101
16110,Zinapécuaro,Michoacán,CIUDAD HIDALGO-TUXPAN,Lerma-Santiago-Pacífico,49005.0,55.8575084383995,245.269,20.182,0.34189,58.01609
16111,Ziracuaretiro,Michoacán,NUEVA ITALIA,Balsas,18402.0,55.744150794406,37.629,4.211,0.09139,45.12123
16112,Zitácuaro,Michoacán,HUETAMO,Balsas,157056.0,56.199890625095,1049.527,27.723,0.44453,79.94432
16113,José Sixto Verduzco,Michoacán,PASTOR ORTÍZ-LA PIEDAD,Lerma-Santiago-Pacífico,26213.0,55.6952749999113,75.819,0.0,0.0,113.11112
16137,Los Reyes,Michoacán,COLOMOS,,,,0.0,0.0,0.0,0.0
17001,Amacuzac,Morelos,BUENAVISTA DE CUÉLLAR,Balsas,17598.0,55.5938630597967,37.693,0.0,0.00038,16.67243
17002,Atlatlahucan,Morelos,CUAUTLA-YAUTEPEC,Balsas,25232.0,54.9390370623568,86.256,0.0,12.88384,8.0261
17003,Axochiapan,Morelos,IXCAQUIXTLA,Balsas,39174.0,54.3530576543147,169.594,1.947,0.04091,66.84935
17004,Ayala,Morelos,TEPALCINGO-AXOCHIAPAN,Balsas,89834.0,55.5629529988975,19132.181,145.894,7.51874,64.67443
17005,Coatlán del Río,Morelos,BUENAVISTA DE CUÉLLAR,Balsas,10520.0,55.1114422959897,14.309,0.0,1.66275,12.07361
17006,Cuautla,Morelos,CUAUTLA-YAUTEPEC,Balsas,187118.0,57.9580385580829,9852.322,28.886,6.01881,82.49229
17007,Emiliano Zapata,Morelos,ZACATEPEC,Balsas,378476.0,59.8665562109064,20852.427,0.166,19.6276,34.62175
17009,Huitzilac,Morelos,TENANCINGO,Balsas,24515.0,55.9324009093389,158.765,0.0,0.0,0.0
17010,Jantetelco,Morelos,TEPALCINGO-AXOCHIAPAN,Balsas,18402.0,55.7685412410388,90.265,1.786,0.00921,10.21033
17011,Jiutepec,Morelos,CUAUTLA-YAUTEPEC,Balsas,215357.0,59.2033181473043,81398.481,9.702,26.26168,19.3874
17012,Jojutla,Morelos,ZACATEPEC,Balsas,57682.0,57.6666492097488,290.4,17.999,1.02627,51.97812
17013,Jonacatepec de Leandro Valle,Morelos,TEPALCINGO-AXOCHIAPAN,Balsas,16694.0,56.1381289761248,62.943,34.037,0.00211,18.37414
17014,Mazatepec,Morelos,ZACATEPEC,Balsas,9653.0,55.9424011163551,24.745,0.0,0.04981,17.63797
17015,Miacatlán,Morelos,ZACATEPEC,Balsas,15802.0,56.5617138008141,63.982,0.0,0.0,11.72205
17016,Ocuituco,Morelos,TEPALCINGO-AXOCHIAPAN,Balsas,19219.0,55.272686546171,49.633,0.0,0.0,0.69197
17017,Puente de Ixtla,Morelos,HUITZUCO,Balsas,40018.0,56.7295573982754,330.151,1.164,0.29347,65.31951000000001
17018,Temixco,Morelos,ZACATEPEC,Balsas,122263.0,57.6801965323474,595.237,20.038,0.23894,14.01417
17019,Tepalcingo,Morelos,IXCAQUIXTLA,Balsas,28122.0,55.0676136184833,87.354,12.885,0.00789,67.00374
17020,Tepoztlán,Morelos,CUAUTLA-YAUTEPEC,Balsas,54987.0,55.8013241636197,161.784,0.0,0.43443,2.39113
17021,Tetecala,Morelos,ZACATEPEC,Balsas,7617.0,55.9889657770181,28.173,3.221,0.01244,10.10195
17022,Tetela del Volcán,Morelos,TEPALCINGO-AXOCHIAPAN,Balsas,14853.0,56.417741353284,53.199,12.108,0.0,1.54503
17023,Tlalnepantla,Morelos,CUAUTLA-YAUTEPEC,Balsas,7943.0,52.7432378319901,12.011,0.0,0.0,0.0
17024,Tlaltizapán de Zapata,Morelos,ZACATEPEC,Balsas,52399.0,56.4150412871134,154.399,27.632,0.51653,116.60185
17025,Tlaquiltenango,Morelos,HUITZUCO,Balsas,33789.0,56.3191714903408,105.978,3.32,0.03923,99.58308
17026,Tlayacapan,Morelos,CUAUTLA-YAUTEPEC,Balsas,19408.0,55.389973766087,88.026,0.0,0.0304,4.2868
17027,Totolapan,Morelos,CUAUTLA-YAUTEPEC,Balsas,12750.0,52.9232765906559,19.409,0.0,0.0,0.00333
17028,Xochitepec,Morelos,ZACATEPEC,Balsas,73539.0,57.0851818212047,2048.462,10.742,0.14737,70.88559
17029,Yautepec,Morelos,CUAUTLA-YAUTEPEC,Balsas,105780.0,57.0586872662098,1168.439,0.121,6.6097,12.10437
17030,Yecapixtla,Morelos,CUAUTLA-YAUTEPEC,Balsas,56083.0,55.8864974298262,5200.139999999999,0.0,10.04065,7.19609
17031,Zacatepec,Morelos,ZACATEPEC,Balsas,36094.0,58.8472052044298,3172.058,29.274,2.4627,48.23764
17032,Zacualpan de Amilpas,Morelos,TEPALCINGO-AXOCHIAPAN,Balsas,9965.0,57.0924123849299,36.563,0.113,0.0,3.75249
17033,Temoac,Morelos,TEPALCINGO-AXOCHIAPAN,Balsas,16574.0,55.5609322725122,398.769,0.0,0.0,1.09073
17034,Coatetelco,Morelos,ZACATEPEC,Balsas,11347.0,53.3693711847824,31.201,0.0,0.0,60.84205
17075,Hueyapan,Morelos,TEPALCINGO-AXOCHIAPAN,,,,0.0,0.0,0.0,0.0
17195,Xoxocotla,Morelos,ZACATEPEC,,,,0.0,0.0,0.0,0.0
18001,Acaponeta,Nayarit,LAGUNA AGUA GRANDE,Pacífico Norte,37232.0,56.165745740119,740.387,196.563,1.03707,9.56017
18002,Ahuacatlán,Nayarit,MIXTLÁN,Lerma-Santiago-Pacífico,15393.0,57.7746965284034,109.09,0.0,0.00229,17.25457
18003,Amatlán de Cañas,Nayarit,MIXTLÁN,Lerma-Santiago-Pacífico,11536.0,56.8523963832021,32.707,0.0,0.00378,13.97016
18004,Compostela,Nayarit,MIXTLÁN,Lerma-Santiago-Pacífico,77436.0,57.8620063955865,353.48900000000003,72.383,2.70183,82.30804
18005,Huajicori,Nayarit,RÍO CAÑAS,Pacífico Norte,12230.0,42.2200364320564,10.684,0.0,0.0,2.1254199999999996
18006,Ixtlán del Río,Nayarit,AMECA,Lerma-Santiago-Pacífico,29299.0,58.6716456142859,289.556,0.0,0.00361,7.08442
18007,Jala,Nayarit,VALLE IXTLAN-AHUACATLÁN,Lerma-Santiago-Pacífico,19321.0,55.3940101245822,67.797,9.846,0.0,0.7664500000000001
18008,Xalisco,Nayarit,ZACUALPAN-LAS VARAS,Lerma-Santiago-Pacífico,65229.0,59.4733172465226,453.544,0.0,0.11283,9.68756
18009,Del Nayar,Nayarit,VALLE DE SANTA MARÍA DEL ORO,Lerma-Santiago-Pacífico,47550.0,28.6701418337889,8.007,54.581999999999994,0.0,0.03331
18010,Rosamorada,Nayarit,VALLE ACAPONETA-CAÑAS,Pacífico Norte,33567.0,54.7731710810543,41.6,833.886,0.00027,256.28772000000004
18011,Ruíz,Nayarit,VALLE SANTIAGO-SAN BLAS,Pacífico Norte,24096.0,54.510692957507,130.589,1.08,0.01435,16.41125
18012,San Blas,Nayarit,ZACUALPAN-LAS VARAS,Lerma-Santiago-Pacífico,41518.0,56.5786284653895,301.886,1029.189,0.01197,180.49876
18013,San Pedro Lagunillas,Nayarit,MIXTLÁN,Lerma-Santiago-Pacífico,7683.0,56.9067881999424,13.52,0.631,0.00658,49.66574
18015,Santiago Ixcuintla,Nayarit,VALLE ACAPONETA-CAÑAS,Pacífico Norte,93981.0,56.2647291568377,408.427,495.822,0.17385,201.6982
18016,Tecuala,Nayarit,LAGUNA AGUA GRANDE,Pacífico Norte,37135.0,56.6217048398928,137.609,418.405,0.00423,65.07188000000001
18017,Tepic,Nayarit,VALLE DE MATATIPAC,Lerma-Santiago-Pacífico,425924.0,59.7486066662693,13857.287,73.857,7.50078,154.63279
18019,La Yesca,Nayarit,TEQUILA,Lerma-Santiago-Pacífico,13719.0,44.530128008145,5.5920000000000005,0.0,0.0,0.195
18020,Bahía de Banderas,Nayarit,MIXTLÁN,Lerma-Santiago-Pacífico,187632.0,59.2065953930185,1090.401,69.159,47.41676,138.61966
18056,Santa María del Oro,Nayarit,VALLE IXTLAN-AHUACATLÁN,,,,0.0,0.0,0.0,0.0
18098,Tuxpan,Nayarit,VALLE ACAPONETA-CAÑAS,,,,0.0,0.0,0.0,0.0
19001,Abasolo,Nuevo León,EL CARMEN-SALINAS-VICTORIA,Río Bravo,2974.0,57.8922147023813,189.237,0.0,0.1485,0.1423
19002,Agualeguas,Nuevo León,SABINAS-PARAS,Río Bravo,3382.0,56.8913155547347,54.139,0.0,0.0,10.0232
19003,Los Aldamas,Nuevo León,CHINA-GENERAL BRAVO,Río Bravo,1407.0,56.5281380197767,0.0,0.0,0.0,4.824
19004,Allende,Nuevo León,CITRÍCOLA NORTE,Río Bravo,35289.0,60.0097557224487,1348.726,0.0,0.13442,8.33571
19005,Anáhuac,Nuevo León,REGIÓN CARBONÍFERA,Río Bravo,18030.0,57.1751867771236,3799.644,0.209,0.0,127.53376
19006,Bustamante,Nuevo León,CASTAÑOS,Río Bravo,656464.0,61.3158744625493,265552.18799999997,0.0,60.18722,26.95884
19007,Aramberri,Nuevo León,PALMILLAS-JAUMAVE,Río Bravo,14992.0,53.296098088029,25.436,0.0,0.0,32.18278
19009,Cadereyta Jiménez,Nuevo León,CITRÍCOLA NORTE,Río Bravo,122337.0,59.767262390742,60888.564,0.0,1.32253,118.49334
19010,El Carmen,Nuevo León,EL CARMEN-SALINAS-VICTORIA,Río Bravo,104478.0,60.1044131726998,13393.744,0.0,2.6352,6.74722
19011,Cerralvo,Nuevo León,EL CARMEN-SALINAS-VICTORIA,Río Bravo,7340.0,58.6900188399041,29.3,0.0,0.7597,1.57163
19012,Ciénega de Flores,Nuevo León,EL CARMEN-SALINAS-VICTORIA,Río Bravo,68747.0,59.9217571493614,9108.653,0.0,15.39173,7.341290000000001
19013,China,Nuevo León,MÉNDEZ-SAN FERNANDO,Río Bravo,9930.0,57.6166377237497,113.166,0.0,0.0,9.73569
19014,Doctor Arroyo,Nuevo León,BUENAVISTA,Río Bravo,36088.0,52.5439331621611,410.115,0.0,0.0,2.86018
19015,Doctor Coss,Nuevo León,CHINA-GENERAL BRAVO,Río Bravo,1360.0,56.2347007194277,0.0,0.0,0.0,5.17038
19016,Hidalgo,Nuevo León,EL CARMEN-SALINAS-VICTORIA,Río Bravo,3256.0,56.4874196311441,504.794,0.0,0.0,4.71331
19018,García,Nuevo León,PAREDÓN,Río Bravo,397205.0,60.543075032281,72318.01699999999,0.0,57.20559,14.86174
19019,San Pedro Garza García,Nuevo León,ÁREA METROPOLITANA DE MONTERREY,Río Bravo,132169.0,61.8455481380873,16692.794,0.0,39.26031,12.02939
19020,General Bravo,Nuevo León,MÉNDEZ-SAN FERNANDO,Río Bravo,5506.0,56.4888154858245,73.383,0.0,0.0,6.01565
19021,General Escobedo,Nuevo León,ÁREA METROPOLITANA DE MONTERREY,Río Bravo,481213.0,60.5509876000487,122975.669,0.0,4.19751,2.34868
19022,General Terán,Nuevo León,CITRÍCOLA SUR,Río Bravo,14109.0,57.4049844553771,122.413,0.0,0.06592,155.71327
19023,General Treviño,Nuevo León,AGUALEGUAS-RAMONES,Río Bravo,1808.0,57.3486740036643,0.507,0.0,0.0,1.47873
19024,General Zaragoza,Nuevo León,TULA-BUSTAMANTE,Río Bravo,6282.0,51.2709062520955,8.044,0.0,0.0,24.9264
19025,General Zuazua,Nuevo León,EL CARMEN-SALINAS-VICTORIA,Río Bravo,102149.0,60.2088128359033,48428.036,0.0,0.18854,6.12378
19026,Guadalupe,Nuevo León,ÁREA METROPOLITANA DE MONTERREY,Río Bravo,643143.0,60.8387938850653,128632.428,0.0,27.6926,14.43216
19027,Melchor Ocampo,Nuevo León,BAJO RÍO BRAVO,Río Bravo,1959.0,56.3835891175231,1.1880000000000002,0.0,0.0,2.10115
19028,Higueras,Nuevo León,EL CARMEN-SALINAS-VICTORIA,Río Bravo,1386.0,56.3506364625816,5.922000000000001,0.0,0.0,1.44914
19029,Hualahuises,Nuevo León,CITRÍCOLA SUR,Río Bravo,7026.0,58.582075385999,56.011,0.0,0.00286,18.75892
19030,Iturbide,Nuevo León,HIDALGO-VILLAGRáN,Río Bravo,3298.0,54.635254326208,6.697,0.0,0.0,0.0206499999999999
19031,Juárez,Nuevo León,CITRÍCOLA NORTE,Río Bravo,471523.0,60.5213603751719,8209.445,0.0,5.5259,6.484920000000001
19032,Lampazos de Naranjo,Nuevo León,MONCLOVA,Río Bravo,5351.0,58.3003119506381,132.139,0.0,7.96963,11.63878
19033,Linares,Nuevo León,HIDALGO-VILLAGRáN,Río Bravo,84666.0,58.558022896057,7972.32,0.0,11.97412,126.93983
19034,Marín,Nuevo León,EL CARMEN-SALINAS-VICTORIA,Río Bravo,5119.0,57.4302787463471,3058.386,0.0,0.16172,4.3174600000000005
19036,Mier Y Noriega,Nuevo León,BUENAVISTA,Río Bravo,7652.0,51.5321109691824,4.904,0.0,0.0,0.02464
19037,Mina,Nuevo León,PAREDÓN,Río Bravo,6048.0,57.6908332769658,10.049,0.0,0.04166,9.78783
19038,Montemorelos,Nuevo León,CITRÍCOLA SUR,Río Bravo,67428.0,59.3540013320125,6443.176,0.0,0.97922,148.71894
19039,Monterrey,Nuevo León,CAMPO BUENOS AIRES,Río Bravo,1142994.0,60.8656861715213,219707.955,15.264,58.36844,20.10029
19040,Parás,Nuevo León,SABINAS-PARAS,Río Bravo,906.0,57.3372711605445,0.0,0.0,0.0,2.99478
19041,Pesquería,Nuevo León,ÁREA METROPOLITANA DE MONTERREY,Río Bravo,147624.0,59.9509701172737,99417.047,0.0,11.55505,109.7912
19042,Los Ramones,Nuevo León,CITRÍCOLA NORTE,Río Bravo,5389.0,56.7572397960533,18.408,0.0,0.0,64.0861
19043,Rayones,Nuevo León,CITRÍCOLA SUR,Río Bravo,2377.0,53.3936582609935,1.803,0.0,0.0,21.778180000000003
19044,Sabinas Hidalgo,Nuevo León,SABINAS-PARAS,Río Bravo,34709.0,59.4284903205512,3098.866,0.0,4.73572,22.574779999999997
19045,Salinas Victoria,Nuevo León,EL CARMEN-SALINAS-VICTORIA,Río Bravo,86766.0,59.9372261452636,17149.666,0.0,1.36703,15.59551
19046,San Nicolás de los Garza,Nuevo León,ÁREA METROPOLITANA DE MONTERREY,Río Bravo,412199.0,61.4183833011539,162579.228,0.0,69.96934,38.35411
19049,Santiago,Nuevo León,CITRÍCOLA NORTE,Río Bravo,46784.0,60.0346286701757,1370.423,0.0,7.28081,6.4024
19050,Vallecillo,Nuevo León,SABINAS-PARAS,Río Bravo,1552.0,56.1667834594014,0.0,0.0,0.0,39.46709
19051,Villaldama,Nuevo León,CASTAÑOS,Río Bravo,3573.0,56.8595408974011,71.604,0.0,0.0,13.14152
20001,Abejones,Oaxaca,CUICATLÁN,Pacífico Sur,841.0,52.0519309696566,0.566,0.0,0.0,0.0
20002,Acatlán de Pérez Figueroa,Oaxaca,TUXTEPEC,Golfo Centro,45167.0,52.9517543076979,1778.616,93.999,3.97817,102.30056
20003,Asunción Cacalotepec,Oaxaca,TUXTEPEC,Golfo Centro,2547.0,49.9452112764873,1.135,0.0,0.0,0.0
20004,Asunción Cuyotepeji,Oaxaca,MARISCALA,Balsas,1107.0,54.5721862280029,1.814,0.0,0.0,0.63148
20005,Asunción Ixtaltepec,Oaxaca,TEHUANTEPEC,Pacífico Sur,15261.0,56.0071673204713,101.96,0.0,0.00025,29.17432
20006,Asunción Nochixtlán,Oaxaca,NOCHIXTLÁN,Pacífico Sur,20464.0,54.4235055062135,78.368,0.0,0.01565,0.60305
20007,Asunción Ocotlán,Oaxaca,VALLES CENTRALES,Pacífico Sur,2395.0,46.2793385733478,5.458,0.0,0.0,0.27699
20008,Asunción Tlacolulita,Oaxaca,SANTIAGO ASTATA,Pacífico Sur,734.0,52.9604097461335,1.515,0.0,0.0,1.48548
20009,Ayotzintepec,Oaxaca,TUXTEPEC,Golfo Centro,6857.0,52.363232373329,19.042,0.0,0.0,0.0
20010,El Barrio de la Soledad,Oaxaca,TEHUANTEPEC,Golfo Centro,13474.0,56.3840902019967,6480.673,0.0,1.86078,2.0986100000000003
20011,Calihualá,Oaxaca,TLAPA-HUAMUXTITLÁN,Balsas,1402.0,49.4330332422244,0.278,0.0,0.0,0.34206
20012,Candelaria Loxicha,Oaxaca,COLOTEPEC-TONAMECA,Pacífico Sur,11166.0,46.4378539508505,25.921,0.0,0.0,0.2125699999999999
20013,Ciénega de Zimatlán,Oaxaca,VALLES CENTRALES,Pacífico Sur,3043.0,55.1931427584009,25.895,0.0,0.0,3.82789
20014,Ciudad Ixtepec,Oaxaca,TEHUANTEPEC,Pacífico Sur,28082.0,57.5381281435036,187.16,0.0,0.12435,0.6566700000000001
20015,Coatecas Altas,Oaxaca,MIAHUATLÁN,Pacífico Sur,5356.0,46.8164476004183,7.967999999999999,0.0,0.0,0.36888
20016,San Juan del Río,Oaxaca,TEHUANTEPEC,Pacífico Sur,9563.0,42.7035649065283,4.913,0.0,0.0,1.4978
20017,La Compañía,Oaxaca,RIO VERDE-EJUTLA,Pacífico Sur,3607.0,49.5829310975747,2.723,0.0,0.0,1.96756
20018,Concepción Buenavista,Oaxaca,CUICATLÁN,Golfo Centro,752.0,52.2675794930567,0.954,0.0,0.0,0.3757
20019,Concepción Pápalo,Oaxaca,CUICATLÁN,Golfo Centro,2754.0,51.3476181462567,1.575,0.0,0.0,0.0
20020,Constancia del Rosario,Oaxaca,JAMILTEPEC,Pacífico Sur,4847.0,49.4834304538451,8.279,0.0,0.0,1.42872
20021,Cosolapa,Oaxaca,TUXTEPEC,Golfo Centro,14488.0,54.5627964611284,608.5889999999999,0.0,1.32704,2.60503
20022,Cosoltepec,Oaxaca,HUAJUAPAN DE LEÓN,Balsas,803.0,53.5573084083406,1.213,0.0,0.0,0.0172599999999999
20023,Cuilápam de Guerrero,Oaxaca,VALLES CENTRALES,Pacífico Sur,26882.0,52.2434812009097,37.604,0.0,0.02785,0.9059
20024,Cuyamecalco Villa de Zaragoza,Oaxaca,CUICATLÁN,Golfo Centro,3644.0,49.1341171361685,1.949,0.0,0.0,0.0
20025,Chahuites,Oaxaca,OSTUTA,Frontera Sur,11356.0,53.6924403727217,88.159,9.645,0.0,0.49304
20026,Chalcatongo de Hidalgo,Oaxaca,JAMILTEPEC,Pacífico Sur,9035.0,52.2214633481974,14.834,0.0,0.0,4.24057
20027,Chiquihuitlán de Benito Juárez,Oaxaca,TUXTEPEC,Golfo Centro,2179.0,49.0854309662761,14.036,0.0,0.0,0.0
20028,Heroica Ciudad de Ejutla de Crespo,Oaxaca,MIAHUATLÁN,Pacífico Sur,23148.0,51.7203855917761,78.413,0.0,0.0,4.146070000000001
20029,Eloxochitlán de Flores Magón,Oaxaca,TUXTEPEC,Golfo Centro,4215.0,47.9189906835789,2.4219999999999997,2.589,0.0,0.0
20030,El Espinal,Oaxaca,TEHUANTEPEC,Pacífico Sur,8730.0,58.9714012676972,39.473,0.0,0.02205,38.30617
20031,Tamazulápam del Espíritu Santo,Oaxaca,TEHUANTEPEC,Pacífico Sur,7185.0,50.8077075578229,5.184,0.0,0.15335,0.00907
20032,Fresnillo de Trujano,Oaxaca,MARISCALA,Balsas,1077.0,49.7147578829851,0.6100000000000001,0.0,0.0,0.018
20033,Guadalupe Etla,Oaxaca,VALLES CENTRALES,Pacífico Sur,2929.0,57.039077308998,467.631,0.0,0.24559,0.53332
20034,Guadalupe de Ramírez,Oaxaca,MARISCALA,Balsas,1288.0,53.5983944392237,5.348,0.0,0.0,0.04826
20035,Guelatao de Juárez,Oaxaca,CUICATLÁN,Pacífico Sur,657.0,58.3074890662247,0.936,0.0,0.0,0.72147
20036,Guevea de Humboldt,Oaxaca,TEHUANTEPEC,Pacífico Sur,5256.0,51.4617247633691,7.385,0.0,0.0,0.0
20037,Mesones Hidalgo,Oaxaca,JAMILTEPEC,Pacífico Sur,4424.0,49.398571498117,2.978,0.0,0.0,6.08222
20038,Villa Hidalgo Yalálag,Oaxaca,TUXTEPEC,Golfo Centro,1885.0,51.4303754229554,28.483,0.0,0.0,0.0
20039,Heroica Ciudad de Huajuapan de León,Oaxaca,MARISCALA,Balsas,78313.0,56.8521328652982,315.84,4.172,0.02839,3.33794
20040,Huautepec,Oaxaca,CUICATLÁN,Golfo Centro,6385.0,43.5287807792635,1.946,0.0,0.0,0.0
20041,Huautla de Jiménez,Oaxaca,CUICATLÁN,Golfo Centro,31710.0,47.7315580287063,82.781,0.0,0.0,0.0
20042,Ixtlán de Juárez,Oaxaca,CUICATLÁN,Pacífico Sur,8385.0,54.4054205882527,68.787,0.517,0.00974,2.23513
20043,Heroica Ciudad de Juchitán de Zaragoza,Oaxaca,TEHUANTEPEC,Pacífico Sur,113570.0,56.3006741044853,1736.699,162.703,0.08966,185.13911
20044,Loma Bonita,Oaxaca,TUXTEPEC,Golfo Centro,40934.0,55.2200491214133,502.677,8.661,0.03871,11.67687
20045,Magdalena Apasco,Oaxaca,VALLES CENTRALES,Pacífico Sur,7888.0,57.450212015802,1009.508,0.0,0.01225,1.36375
20046,Magdalena Jaltepec,Oaxaca,JAMILTEPEC,Pacífico Sur,2943.0,52.2477761719831,4.2010000000000005,0.0,0.0,2.69302
20047,Santa Magdalena Jicotlán,Oaxaca,TAMAZULAPAN,Golfo Centro,81.0,55.36313447737,0.139,0.0,0.0,0.01136
20048,Magdalena Mixtepec,Oaxaca,JAMILTEPEC,Pacífico Sur,1433.0,49.1580545375327,0.0,0.0,0.0,0.47878
20049,Magdalena Ocotlán,Oaxaca,VALLES CENTRALES,Pacífico Sur,1184.0,51.6503021314666,1.093,0.0,0.0,0.002
20050,Magdalena Peñasco,Oaxaca,JAMILTEPEC,Pacífico Sur,3750.0,49.561155262575,4.723,0.0,0.0,0.66327
20051,Magdalena Teitipac,Oaxaca,TEHUANTEPEC,Pacífico Sur,4764.0,44.7347354370376,68.042,0.0,0.0,0.00928
20052,Magdalena Tequisistlán,Oaxaca,SANTIAGO ASTATA,Pacífico Sur,5996.0,53.2211787067924,18.331,0.0,0.0,2.60356
20053,Magdalena Tlacotepec,Oaxaca,TEHUANTEPEC,Pacífico Sur,1297.0,55.2606686539478,7.826,0.0,0.0,0.0
20054,Magdalena Zahuatlán,Oaxaca,NOCHIXTLÁN,Pacífico Sur,404.0,53.8866753846931,0.577,0.0,0.0,0.25703
20055,Mariscala de Juárez,Oaxaca,MARISCALA,Balsas,3739.0,53.631643676255,16.714,0.0,0.0,0.88093
20056,Mártires de Tacubaya,Oaxaca,CUAJINICUILAPA,Pacífico Sur,1446.0,51.1777475639707,4.506,0.0,0.0,0.43246
20057,Matías Romero Avendaño,Oaxaca,COATZACOALCOS,Golfo Centro,38183.0,54.5662482990294,131.586,2.269,0.00162,0.0513
20058,Mazatlán Villa de Flores,Oaxaca,CUICATLÁN,Golfo Centro,12722.0,45.9454381527939,3.028,0.0,0.0,0.00697
20059,Miahuatlán de Porfirio Díaz,Oaxaca,MIAHUATLÁN,Pacífico Sur,50375.0,53.8487919240351,175.31900000000002,0.0,0.84429,3.5119599999999997
20060,Mixistlán de la Reforma,Oaxaca,TUXTEPEC,Golfo Centro,2487.0,50.7016429442465,0.625,0.0,0.0,0.0
20061,Monjas,Oaxaca,MIAHUATLÁN,Pacífico Sur,2893.0,48.1697305044766,3.4989999999999997,0.0,0.0,0.73891
20062,Natividad,Oaxaca,CUICATLÁN,Pacífico Sur,498.0,55.6141811255855,0.305,0.0,0.0,0.0
20063,Nazareno Etla,Oaxaca,VALLES CENTRALES,Pacífico Sur,4293.0,56.8758399017886,18.789,0.0,0.0,1.19677
20064,Nejapa de Madero,Oaxaca,TEHUANTEPEC,Pacífico Sur,8494.0,52.9341703715452,5.919,0.0,0.0,8.45862
20065,Ixpantepec Nieves,Oaxaca,JUXTLAHUACA,Balsas,1079.0,49.8898988786068,0.653,0.0,0.0,0.0
20066,Santiago Niltepec,Oaxaca,OSTUTA,Pacífico Sur,5342.0,53.7049721755946,26.175,0.0,0.0,1.30587
20067,Oaxaca de Juárez,Oaxaca,VALLES CENTRALES,Pacífico Sur,270955.0,58.6802535451019,2401.985,0.0,1.04422,1.14033
20068,Ocotlán de Morelos,Oaxaca,TEHUANTEPEC,Pacífico Sur,23751.0,53.7176072907667,165.342,0.0,0.0,6.03751
20069,La Pe,Oaxaca,RIO VERDE-EJUTLA,Pacífico Sur,3052.0,51.0443385174192,0.607,0.0,0.0,0.22599
20070,Pinotepa de Don Luis,Oaxaca,PINOTEPA NACIONAL,Pacífico Sur,6416.0,51.2388780696729,30.802,0.0,0.0,0.39309
20071,Pluma Hidalgo,Oaxaca,COLOTEPEC-TONAMECA,Pacífico Sur,3255.0,48.9623664960151,8.439,0.0,0.0,0.32281
20072,San José del Progreso,Oaxaca,TEHUANTEPEC,Pacífico Sur,8059.0,50.7456443679553,11.452,0.0,0.0,2.42503
20073,Putla Villa de Guerrero,Oaxaca,JAMILTEPEC,Pacífico Sur,34652.0,53.7122986438932,86.58,0.0,0.00175,20.2205
20074,Santa Catarina Quioquitani,Oaxaca,TEHUANTEPEC,Pacífico Sur,456.0,53.9709881759041,0.108,0.0,0.0,0.0
20075,Reforma de Pineda,Oaxaca,OSTUTA,Pacífico Sur,2660.0,54.7239925437443,19.055,0.0,0.0,1.4454600000000002
20076,La Reforma,Oaxaca,JAMILTEPEC,Pacífico Sur,3411.0,53.0221582544358,5.12,0.0,0.0,3.34621
20077,Reyes Etla,Oaxaca,VALLES CENTRALES,Pacífico Sur,4370.0,54.7552363824369,15.713,0.0,0.01688,1.03188
20078,Rojas de Cuauhtémoc,Oaxaca,VALLES CENTRALES,Pacífico Sur,1301.0,56.3340682489814,4.754,0.0,0.01595,0.96698
20079,Salina Cruz,Oaxaca,MORRO-MAZATÁN,Pacífico Sur,84438.0,57.4234987738464,73658.852,337.157,0.07911,1.12172
20080,San Agustín Amatengo,Oaxaca,RIO VERDE-EJUTLA,Pacífico Sur,1593.0,50.7699913151665,8.014,0.0,0.0,2.1116
20081,San Agustín Atenango,Oaxaca,JUXTLAHUACA,Balsas,1871.0,51.1694163495146,2.111,0.0,0.0,1.08045
20082,San Agustín Chayuco,Oaxaca,JAMILTEPEC,Pacífico Sur,4163.0,51.9709118474639,2.9490000000000003,0.0,0.0,1.34262
20083,San Agustín de las Juntas,Oaxaca,VALLES CENTRALES,Pacífico Sur,11391.0,57.4191093230082,115.241,0.0,0.06481,0.79078
20084,San Agustín Etla,Oaxaca,VALLES CENTRALES,Pacífico Sur,4168.0,57.7558189861148,19.321,0.0,0.01125,0.0503399999999999
20085,San Agustín Loxicha,Oaxaca,COLOTEPEC-TONAMECA,Pacífico Sur,26194.0,45.6364988947621,5.201,0.0,0.0,0.03485
20086,San Agustín Tlacotepec,Oaxaca,JAMILTEPEC,Pacífico Sur,1032.0,52.1562937600981,2.501,0.0,0.0,0.00152
20087,San Agustín Yatareni,Oaxaca,VALLES CENTRALES,Pacífico Sur,5521.0,51.6854796929552,107.656,0.0,0.26051,0.09436
20088,San Andrés Cabecera Nueva,Oaxaca,JAMILTEPEC,Pacífico Sur,2881.0,50.4378716663702,4.797000000000001,0.0,0.0,0.16747
20089,San Andrés Dinicuiti,Oaxaca,TAMAZULAPAN,Balsas,2308.0,53.7912024038994,6.82,0.0,0.0,1.19415
20090,San Andrés Huaxpaltepec,Oaxaca,PINOTEPA NACIONAL,Pacífico Sur,6234.0,50.214059158291,25.789,0.0,0.00632,0.98176
20091,San Andrés Huayápam,Oaxaca,VALLES CENTRALES,Pacífico Sur,6279.0,59.6069046409014,17.063000000000002,0.0,0.0,0.08844
20092,San Andrés Ixtlahuaca,Oaxaca,VALLES CENTRALES,Pacífico Sur,1776.0,53.8980277956531,2.322,0.0,0.04698,0.3368799999999999
20093,San Andrés Lagunas,Oaxaca,TAMAZULAPAN,Balsas,518.0,54.3316861075621,0.0,0.0,0.0,0.0
20094,San Andrés Nuxiño,Oaxaca,NOCHIXTLÁN,Pacífico Sur,1850.0,52.946088571782,1.025,0.0,0.0,0.13347
20095,San Andrés Paxtlán,Oaxaca,COLOTEPEC-TONAMECA,Pacífico Sur,4562.0,48.7904353620807,7.443,0.0,0.0,0.07313
20096,San Andrés Sinaxtla,Oaxaca,NOCHIXTLÁN,Pacífico Sur,756.0,55.7596518882316,0.815,0.0,0.0,2.40123
20097,San Andrés Solaga,Oaxaca,TUXTEPEC,Golfo Centro,1771.0,52.6781018236657,2.648,0.0,0.0,0.07387
20098,San Andrés Teotilálpam,Oaxaca,TUXTEPEC,Golfo Centro,4233.0,50.314929345097,1.452,0.0,0.0,0.00173
20099,San Andrés Tepetlapa,Oaxaca,TLAPA-HUAMUXTITLÁN,Balsas,381.0,48.3984626321626,0.042,0.0,0.0,0.0
20100,San Andrés Yaá,Oaxaca,TUXTEPEC,Golfo Centro,393.0,50.0842628400557,0.0,0.0,0.0,0.0
20101,San Andrés Zabache,Oaxaca,RIO VERDE-EJUTLA,Pacífico Sur,748.0,49.5264191262107,2.833,0.0,0.0,0.35525
20102,San Andrés Zautla,Oaxaca,VALLES CENTRALES,Pacífico Sur,5326.0,53.6555622753586,8.082,0.0,0.0,1.35978
20103,San Antonino Castillo Velasco,Oaxaca,VALLES CENTRALES,Pacífico Sur,6064.0,49.8695121912607,56.832,0.0,0.0,1.94111
20104,San Antonino el Alto,Oaxaca,JAMILTEPEC,Pacífico Sur,2705.0,51.9315629637717,2.23,0.0,0.0,1.44654
20105,San Antonino Monte Verde,Oaxaca,JUXTLAHUACA,Balsas,7678.0,53.1879020415157,3.68,0.0,0.0,0.72074
20106,San Antonio Acutla,Oaxaca,TAMAZULAPAN,Balsas,249.0,53.5690449158839,0.0,0.0,0.0,0.1095199999999999
20107,San Antonio de la Cal,Oaxaca,VALLES CENTRALES,Pacífico Sur,26282.0,57.097601682762,216.782,0.0,0.093,0.41693
20108,San Antonio Huitepec,Oaxaca,JAMILTEPEC,Pacífico Sur,2936.0,51.715462134898,0.706,0.0,0.0,0.58049
20109,San Antonio Nanahuatípam,Oaxaca,CUICATLÁN,Golfo Centro,1232.0,54.5196452641362,0.495,0.0,0.0,7.40231
20110,San Antonio Sinicahua,Oaxaca,JAMILTEPEC,Pacífico Sur,1668.0,45.8780899973498,0.0,0.0,0.0,0.12192
20111,San Antonio Tepetlapa,Oaxaca,CUAJINICUILAPA,Pacífico Sur,4873.0,48.2163800352858,10.993,0.0,0.0,0.0
20112,San Baltazar Chichicápam,Oaxaca,TEHUANTEPEC,Pacífico Sur,2576.0,52.4204519350181,10.765,0.0,0.0,5.4048799999999995
20113,San Baltazar Loxicha,Oaxaca,COLOTEPEC-TONAMECA,Pacífico Sur,3169.0,53.1585043861825,11.256,0.0,0.0,0.0075
20114,San Baltazar Yatzachi el Bajo,Oaxaca,TUXTEPEC,Golfo Centro,674.0,53.2828345727823,0.285,0.0,0.0,0.00547
20115,San Bartolo Coyotepec,Oaxaca,VALLES CENTRALES,Pacífico Sur,10391.0,56.430270864509,177.793,0.0,0.21692,1.38751
20116,San Bartolomé Ayautla,Oaxaca,TUXTEPEC,Golfo Centro,4131.0,47.7122020004302,6.946,0.0,0.0,0.0
20117,San Bartolomé Loxicha,Oaxaca,COLOTEPEC-TONAMECA,Pacífico Sur,2213.0,49.514607877209,2.573,0.0,0.0,0.01528
20118,San Bartolomé Quialana,Oaxaca,TEHUANTEPEC,Pacífico Sur,2389.0,51.1229095126086,5.47,0.0,0.0,0.08956
20119,San Bartolomé Yucuañe,Oaxaca,JAMILTEPEC,Pacífico Sur,735.0,52.1509442527787,0.301,0.0,0.0,0.0091
20120,San Bartolomé Zoogocho,Oaxaca,TUXTEPEC,Golfo Centro,449.0,53.4949759474877,0.016,0.0,0.0,0.0
20121,San Bartolo Soyaltepec,Oaxaca,NOCHIXTLÁN,Pacífico Sur,596.0,53.697321132963,0.264,0.0,0.0,0.0098999999999999
20122,San Bartolo Yautepec,Oaxaca,TEHUANTEPEC,Pacífico Sur,653.0,53.4842135833253,1.392,0.0,0.0,0.0
20123,San Bernardo Mixtepec,Oaxaca,JAMILTEPEC,Pacífico Sur,2829.0,51.9427063945541,3.864,0.0,0.0,2.80145
20124,Heroica Villa de San Blas Atempa,Oaxaca,TEHUANTEPEC,Pacífico Sur,19696.0,47.5153390418427,319.146,0.0,0.0,35.05166
20125,San Carlos Yautepec,Oaxaca,HUATULCO,Pacífico Sur,11662.0,48.877043561317,2.039,0.0,0.0,0.64407
20126,San Cristóbal Amatlán,Oaxaca,HUATULCO,Pacífico Sur,5396.0,48.2919554450303,54.119,0.0,0.0,0.28213
20127,San Cristóbal Amoltepec,Oaxaca,JAMILTEPEC,Pacífico Sur,1252.0,49.8872444442766,1.418,0.0,0.0,0.00318
20128,San Cristóbal Lachirioag,Oaxaca,TUXTEPEC,Golfo Centro,1342.0,54.5860113680138,7.299,0.0,0.0,0.0
20129,San Cristóbal Suchixtlahuaca,Oaxaca,CUICATLÁN,Golfo Centro,356.0,55.9626870393986,1.129,0.0,0.0,0.31634
20130,San Dionisio del Mar,Oaxaca,OSTUTA,Pacífico Sur,5180.0,48.6974246547803,13.662,118.807,0.0,0.0
20131,San Dionisio Ocotepec,Oaxaca,TEHUANTEPEC,Pacífico Sur,11411.0,50.5400808484444,105.355,0.0,0.0,0.56757
20132,San Dionisio Ocotlán,Oaxaca,VALLES CENTRALES,Pacífico Sur,1380.0,53.3074795817417,1.536,0.0,0.0,0.25249
20133,San Esteban Atatlahuca,Oaxaca,JAMILTEPEC,Pacífico Sur,3934.0,49.6828463440692,0.868,0.0,0.0,0.36229
20134,San Felipe Jalapa de Díaz,Oaxaca,TUXTEPEC,Golfo Centro,28500.0,47.5773503641158,41.129,0.0,0.0,0.0021
20135,San Felipe Tejalápam,Oaxaca,VALLES CENTRALES,Pacífico Sur,8231.0,53.3269090157916,12.492,0.0,0.0,2.48346
20136,San Felipe Usila,Oaxaca,CUICATLÁN,Golfo Centro,12191.0,52.3091673192806,19.317,1.381,0.0,0.0
20137,San Francisco Cahuacuá,Oaxaca,JAMILTEPEC,Pacífico Sur,3450.0,49.3932188858618,0.0,0.0,0.0,0.0662
20138,San Francisco Cajonos,Oaxaca,TUXTEPEC,Golfo Centro,451.0,53.5417399646662,1.501,0.0,0.0,0.1944
20139,San Francisco Chapulapa,Oaxaca,TUXTEPEC,Golfo Centro,2195.0,49.4760041170334,0.0,0.0,0.0,0.0
20140,San Francisco Chindúa,Oaxaca,NOCHIXTLÁN,Pacífico Sur,812.0,54.284787448249,0.0,0.0,0.0,1.56207
20141,San Francisco del Mar,Oaxaca,ARRIAGA-PIJIJIAPAN,Pacífico Sur,8710.0,49.9974742666701,42.433,90.549,0.0,0.0
20142,San Francisco Huehuetlán,Oaxaca,TUXTEPEC,Golfo Centro,842.0,49.1642373230957,2.43,0.0,0.0,0.0
20143,San Francisco Ixhuatán,Oaxaca,OSTUTA,Pacífico Sur,9461.0,54.6074943315048,30.787,70.479,0.0,0.98456
20144,San Francisco Jaltepetongo,Oaxaca,NOCHIXTLÁN,Pacífico Sur,1075.0,51.8874337335198,4.142,0.0,0.0,0.78212
20145,San Francisco Lachigoló,Oaxaca,VALLES CENTRALES,Pacífico Sur,5215.0,56.8535980147554,90.152,0.0,0.05939,0.22882
20146,San Francisco Logueche,Oaxaca,MIAHUATLÁN,Pacífico Sur,2803.0,50.1101566351824,5.486000000000001,0.0,0.0,0.0
20147,San Francisco Nuxaño,Oaxaca,NOCHIXTLÁN,Pacífico Sur,376.0,54.1663772463591,0.0,0.0,0.0,0.0
20148,San Francisco Ozolotepec,Oaxaca,HUATULCO,Pacífico Sur,2182.0,49.8568091417192,0.062,0.0,0.0,0.03345
20149,San Francisco Sola,Oaxaca,RIO VERDE-EJUTLA,Pacífico Sur,2019.0,49.4663248596582,6.117,0.0,0.0,0.06102
20150,San Francisco Telixtlahuaca,Oaxaca,VALLES CENTRALES,Pacífico Sur,13856.0,56.6986109343695,49.394,0.0,0.01389,0.42982
20151,San Francisco Teopan,Oaxaca,CUICATLÁN,Golfo Centro,312.0,51.8376351069472,2.955,0.0,0.0,0.0
20152,San Francisco Tlapancingo,Oaxaca,TLAPA-HUAMUXTITLÁN,Balsas,2472.0,46.0605155508224,1.512,0.0,0.0,0.61938
20153,San Gabriel Mixtepec,Oaxaca,COLOTEPEC-TONAMECA,Pacífico Sur,4910.0,53.4679774006205,24.562,0.473,0.0,0.182
20154,San Ildefonso Amatlán,Oaxaca,MIAHUATLÁN,Pacífico Sur,2329.0,51.7905043555149,0.044,0.0,0.0,0.63071
20155,San Ildefonso Sola,Oaxaca,RIO VERDE-EJUTLA,Pacífico Sur,1060.0,47.4517287226026,1.543,0.0,0.0,0.52176
20156,San Ildefonso Villa Alta,Oaxaca,TUXTEPEC,Golfo Centro,3677.0,54.2831951643502,8.092,0.0,0.0,0.0
20157,San Jacinto Amilpas,Oaxaca,VALLES CENTRALES,Pacífico Sur,16827.0,59.6943416023054,269.323,0.0,0.83498,0.21454
20158,San Jacinto Tlacotepec,Oaxaca,JAMILTEPEC,Pacífico Sur,2233.0,51.6142592890443,0.0,0.0,0.0,0.0063
20159,San Jerónimo Coatlán,Oaxaca,COLOTEPEC-TONAMECA,Pacífico Sur,5537.0,49.3702005081557,0.0,0.0,0.0,0.108
20160,San Jerónimo Silacayoapilla,Oaxaca,MARISCALA,Balsas,1429.0,53.4188966771846,3.1260000000000003,0.0,0.0,0.05752
20161,San Jerónimo Sosola,Oaxaca,NOCHIXTLÁN,Pacífico Sur,2730.0,52.2098020371041,0.488,0.0,0.0,0.01335
20162,San Jerónimo Taviche,Oaxaca,TEHUANTEPEC,Pacífico Sur,2046.0,48.7225000159212,1.345,0.0,0.0,0.23647
20163,San Jerónimo Tecóatl,Oaxaca,CUICATLÁN,Golfo Centro,1577.0,50.3106392009844,4.843999999999999,0.0,0.0,0.0
20164,San Jorge Nuchita,Oaxaca,MARISCALA,Balsas,2881.0,50.8624705483086,2.976,0.0,0.0,2.16651
20165,San José Ayuquila,Oaxaca,MARISCALA,Balsas,1629.0,51.3122143802363,22.773,0.0,0.0,0.0
20166,San José Chiltepec,Oaxaca,TUXTEPEC,Golfo Centro,11310.0,53.4490745653694,29.07,0.0,0.0,6.12062
20167,San José del Peñasco,Oaxaca,MIAHUATLÁN,Pacífico Sur,2149.0,49.8142867665551,1.436,0.0,0.0,0.0
20168,San José Estancia Grande,Oaxaca,PINOTEPA NACIONAL,Pacífico Sur,938.0,50.7133724460325,3.021,0.0,0.0,0.0
20169,San José Independencia,Oaxaca,TUXTEPEC,Golfo Centro,4251.0,42.1285692489624,0.552,27.35,0.0,0.0
20170,San José Lachiguiri,Oaxaca,TEHUANTEPEC,Pacífico Sur,3700.0,44.8309808837109,7.152,0.0,0.0,0.00545
20171,San José Tenango,Oaxaca,TUXTEPEC,Golfo Centro,18102.0,37.9560375879217,9.724,0.0,0.0,0.0
20172,San Juan Achiutla,Oaxaca,JAMILTEPEC,Pacífico Sur,408.0,54.9727124026363,0.239,0.0,0.0,1.16874
20173,San Juan Atepec,Oaxaca,CUICATLÁN,Golfo Centro,1457.0,53.5576564047212,0.846,0.0,0.0,0.0
20174,Ánimas Trujano,Oaxaca,VALLES CENTRALES,Pacífico Sur,4564.0,56.9821162572956,9.789,0.0,0.0,0.46066
20175,San Juan Bautista Atatlahuca,Oaxaca,CUICATLÁN,Golfo Centro,1424.0,52.1829034826534,0.369,0.0,0.0,1.57679
20176,San Juan Bautista Coixtlahuaca,Oaxaca,TAMAZULAPAN,Pacífico Sur,2725.0,51.0510220524862,4.872,0.0,0.0,0.1909
20177,San Juan Bautista Cuicatlán,Oaxaca,CUICATLÁN,Pacífico Sur,10365.0,54.6717567502474,31.468,0.0,0.0,29.16919
20178,San Juan Bautista Guelache,Oaxaca,VALLES CENTRALES,Pacífico Sur,6692.0,55.9700562511271,42.666,0.0,0.0,1.50605
20179,San Juan Bautista Jayacatlán,Oaxaca,CUICATLÁN,Pacífico Sur,1447.0,52.9014141484512,2.62,0.0,0.0,1.95027
20180,San Juan Bautista Lo de Soto,Oaxaca,CUAJINICUILAPA,Pacífico Sur,2344.0,53.0735355247974,14.702,0.0,0.0,1.67705
20181,San Juan Bautista Suchitepec,Oaxaca,HUAJUAPAN DE LEÓN,Balsas,453.0,52.7766854844928,0.059,0.0,0.0,0.9345
20182,San Juan Bautista Tlacoatzintepec,Oaxaca,TUXTEPEC,Golfo Centro,2181.0,49.2832779081029,0.898,0.0,0.0,0.0
20183,San Juan Bautista Tlachichilco,Oaxaca,TLAPA-HUAMUXTITLÁN,Balsas,1475.0,51.4231342883384,1.853,0.0,0.0,0.34048
20184,San Juan Bautista Tuxtepec,Oaxaca,TUXTEPEC,Golfo Centro,159452.0,56.135935257653,19948.808,0.522,98.57711,56.43227
20185,San Juan Cacahuatepec,Oaxaca,CUAJINICUILAPA,Pacífico Sur,8939.0,53.0479493437922,20.43,0.0,0.0,0.6463099999999999
20186,San Juan Cieneguilla,Oaxaca,TLAPA-HUAMUXTITLÁN,Balsas,524.0,53.0379743767515,0.02,0.0,0.0,0.0015
20187,San Juan Coatzóspam,Oaxaca,CUICATLÁN,Golfo Centro,1808.0,49.9259166065363,0.481,0.0,0.0,0.0
20188,San Juan Colorado,Oaxaca,PINOTEPA NACIONAL,Pacífico Sur,9609.0,49.4912542042221,26.7,0.0,0.0,0.0558
20189,San Juan Comaltepec,Oaxaca,TUXTEPEC,Golfo Centro,3116.0,48.2565535365573,0.326,0.0,0.0,0.0
20190,San Juan Cotzocón,Oaxaca,COATZACOALCOS,Golfo Centro,22444.0,50.9969745902309,63.711,0.0,0.0,1.8418
20191,San Juan Chicomezúchil,Oaxaca,CUICATLÁN,Golfo Centro,296.0,54.135791987488,0.0,0.0,0.0,1.09264
20192,San Juan Chilateca,Oaxaca,VALLES CENTRALES,Pacífico Sur,1522.0,56.5687442185092,8.5,0.0,0.0,0.19099
20193,San Juan del Estado,Oaxaca,VALLES CENTRALES,Pacífico Sur,2807.0,54.9030641250815,11.03,0.0,0.0,0.04008
20195,San Juan Diuxi,Oaxaca,JAMILTEPEC,Pacífico Sur,1056.0,47.3753170226969,0.593,0.0,0.0,0.0
20196,San Juan Evangelista Analco,Oaxaca,CUICATLÁN,Golfo Centro,407.0,55.3169588176331,0.62,0.0,0.0,0.0
20197,San Juan Guelavía,Oaxaca,VALLES CENTRALES,Pacífico Sur,3288.0,52.8631145952429,21.121,0.0,0.0,0.30982
20198,San Juan Guichicovi,Oaxaca,COATZACOALCOS,Golfo Centro,29802.0,49.5751735858624,37.078,0.054,0.0,0.07566
20199,San Juan Ihualtepec,Oaxaca,TLAPA-HUAMUXTITLÁN,Balsas,494.0,48.9076056980293,0.0,0.0,0.0,0.0
20200,San Juan Juquila Mixes,Oaxaca,TEHUANTEPEC,Pacífico Sur,3703.0,49.1404262712266,4.634,0.0,0.0,0.0
20201,San Juan Juquila Vijanos,Oaxaca,TUXTEPEC,Golfo Centro,1880.0,51.5074033294485,0.527,0.0,0.0,0.0
20202,San Juan Lachao,Oaxaca,COLOTEPEC-TONAMECA,Pacífico Sur,4577.0,51.4831929117262,12.418,0.0,0.0,0.33383
20203,San Juan Lachigalla,Oaxaca,TEHUANTEPEC,Pacífico Sur,3538.0,48.0855781463302,2.9490000000000003,0.0,0.0,0.15063
20204,San Juan Lajarcia,Oaxaca,TEHUANTEPEC,Pacífico Sur,634.0,53.7930692446964,0.081,0.0,0.0,0.02592
20205,San Juan Lalana,Oaxaca,TUXTEPEC,Golfo Centro,16989.0,48.6989356950029,3.892,0.0,0.0,0.04451
20206,San Juan de los Cués,Oaxaca,CUICATLÁN,Golfo Centro,2421.0,52.4906952044865,2.925,0.0,0.0,7.22905
20207,San Juan Mazatlán,Oaxaca,COATZACOALCOS,Golfo Centro,19032.0,49.5292201899631,1.022,1.761,0.0,0.1066
20208,San Juan Mixtepec,Oaxaca,HUATULCO,Balsas,6941.0,49.3422758102582,10.407,0.0,0.0,0.66354
20210,San Juan Ñumí,Oaxaca,JUXTLAHUACA,Balsas,5773.0,51.6398072439143,0.166,0.0,0.0,0.0046999999999999
20211,San Juan Ozolotepec,Oaxaca,HUATULCO,Pacífico Sur,3411.0,49.0059938617294,0.0,0.0,0.0,0.00621
20212,San Juan Petlapa,Oaxaca,TUXTEPEC,Golfo Centro,3117.0,47.7686084921693,0.062,0.0,0.0,0.0
20213,San Juan Quiahije,Oaxaca,JAMILTEPEC,Pacífico Sur,4203.0,50.6135779119906,3.3499999999999996,0.0,0.0,0.10249
20214,San Juan Quiotepec,Oaxaca,CUICATLÁN,Golfo Centro,2033.0,51.7290127691255,1.611,0.0,0.0,0.0
20215,San Juan Sayultepec,Oaxaca,NOCHIXTLÁN,Pacífico Sur,879.0,55.4548652282207,1.066,0.0,0.0,1.76581
20216,San Juan Tabaá,Oaxaca,TUXTEPEC,Golfo Centro,1241.0,53.176117230939,0.633,0.0,0.0,0.0
20217,San Juan Tamazola,Oaxaca,JAMILTEPEC,Pacífico Sur,3325.0,43.8823527879406,0.0,0.0,0.0,0.0007
20218,San Juan Teita,Oaxaca,JAMILTEPEC,Pacífico Sur,544.0,51.7912704973914,1.925,0.0,0.0,0.4237
20219,San Juan Teitipac,Oaxaca,VALLES CENTRALES,Pacífico Sur,2668.0,51.2801858919568,15.376,0.0,0.0,0.00406
20220,San Juan Tepeuxila,Oaxaca,CUICATLÁN,Golfo Centro,2692.0,52.9061923977213,0.0,0.0,0.0,0.26166
20221,San Juan Teposcolula,Oaxaca,NOCHIXTLÁN,Balsas,1494.0,53.2931925348868,0.0,0.0,0.0,0.2628
20222,San Juan Yaeé,Oaxaca,TUXTEPEC,Golfo Centro,1426.0,53.1902719802369,2.059,0.0,0.0,0.0
20223,San Juan Yatzona,Oaxaca,TUXTEPEC,Golfo Centro,440.0,54.8478552839259,0.179,0.0,0.0,0.0
20224,San Juan Yucuita,Oaxaca,NOCHIXTLÁN,Pacífico Sur,643.0,54.3424849984449,2.471,0.0,0.0,0.64972
20225,San Lorenzo,Oaxaca,PINOTEPA NACIONAL,Pacífico Sur,5903.0,46.2536051198448,5.217,0.0,0.0,0.13102
20226,San Lorenzo Albarradas,Oaxaca,TEHUANTEPEC,Pacífico Sur,2971.0,53.6587989749911,7.489,0.0,0.0,1.13434
20227,San Lorenzo Cacaotepec,Oaxaca,VALLES CENTRALES,Pacífico Sur,18339.0,57.7714847193374,133.996,0.0,0.21398,1.36499
20228,San Lorenzo Cuaunecuiltitla,Oaxaca,TUXTEPEC,Golfo Centro,833.0,49.4558796892282,3.958,0.0,0.0,0.0
20229,San Lorenzo Texmelúcan,Oaxaca,JAMILTEPEC,Pacífico Sur,9148.0,47.1001042680882,0.677,0.0,0.0,1.00217
20230,San Lorenzo Victoria,Oaxaca,MARISCALA,Balsas,932.0,53.3438821462574,0.194,0.0,0.0,0.86578
20231,San Lucas Camotlán,Oaxaca,TEHUANTEPEC,Golfo Centro,3187.0,47.1670388270881,0.0,0.0,0.0,0.0
20232,San Lucas Ojitlán,Oaxaca,TUXTEPEC,Golfo Centro,22185.0,48.1592038155556,38.414,75.31,0.0,0.01783
20233,San Lucas Quiaviní,Oaxaca,TEHUANTEPEC,Pacífico Sur,1720.0,50.6224125901472,4.122,0.0,0.0,0.0473699999999999
20234,San Lucas Zoquiápam,Oaxaca,CUICATLÁN,Golfo Centro,7163.0,46.4117693086444,1.132,0.0,0.0,0.0
20235,San Luis Amatlán,Oaxaca,MIAHUATLÁN,Pacífico Sur,3829.0,50.5611646956697,14.737,0.0,0.0,1.22998
20236,San Marcial Ozolotepec,Oaxaca,HUATULCO,Pacífico Sur,1372.0,46.3304756754335,0.254,0.0,0.0,0.0
20237,San Marcos Arteaga,Oaxaca,MARISCALA,Balsas,1568.0,54.6729777518524,3.848,0.787,0.0,1.66872
20238,Heroico San Martín de los Cansecos,Oaxaca,RIO VERDE-EJUTLA,Pacífico Sur,994.0,52.9297214400769,0.747,0.0,0.0,0.09439
20239,San Martín Huamelúlpam,Oaxaca,JAMILTEPEC,Balsas,1000.0,52.7846713896631,0.0,0.0,0.0,0.12092
20240,San Martín Itunyoso,Oaxaca,JAMILTEPEC,Balsas,2749.0,45.6994653019075,0.347,0.0,0.0,0.0
20241,San Martín Lachilá,Oaxaca,VALLES CENTRALES,Pacífico Sur,1034.0,53.2235242465546,5.914000000000001,0.0,0.0,0.10288
20242,San Martín Peras,Oaxaca,JUXTLAHUACA,Balsas,12436.0,44.9684577332552,2.466,0.0,0.0,0.0
20243,San Martín Tilcajete,Oaxaca,VALLES CENTRALES,Pacífico Sur,1975.0,55.1909726983336,73.839,0.0,0.0,0.8680100000000001
20244,San Martín Toxpalan,Oaxaca,CUICATLÁN,Golfo Centro,3934.0,52.4573367132723,3.362,0.0,0.0,6.82008
20245,San Martín Zacatepec,Oaxaca,MARISCALA,Balsas,1324.0,48.7736475645481,0.0,0.0,0.0,0.10905
20246,San Mateo Cajonos,Oaxaca,TUXTEPEC,Golfo Centro,611.0,52.9864585900361,5.275,0.0,0.0,0.0
20247,Capulálpam de Méndez,Oaxaca,CUICATLÁN,Golfo Centro,1619.0,57.6974997126782,8.279,0.0,0.0,0.0048
20248,San Mateo del Mar,Oaxaca,TEHUANTEPEC,Pacífico Sur,15571.0,38.5469763638553,32.346000000000004,64.022,0.0,0.0176
20249,San Mateo Yoloxochitlán,Oaxaca,TUXTEPEC,Golfo Centro,3831.0,50.5870982469375,5.279999999999999,0.0,0.0,0.0
20250,San Mateo Etlatongo,Oaxaca,NOCHIXTLÁN,Pacífico Sur,1239.0,54.0389472848692,1.7,0.0,0.0,2.68536
20251,San Mateo Nejápam,Oaxaca,TLAPA-HUAMUXTITLÁN,Balsas,1217.0,49.6894717289195,1.135,0.0,0.0,0.0
20252,San Mateo Peñasco,Oaxaca,JAMILTEPEC,Pacífico Sur,2384.0,50.046044323747,1.528,0.0,0.0,1.48274
20253,San Mateo Piñas,Oaxaca,HUATULCO,Pacífico Sur,2021.0,44.950677296844,1.018,0.0,0.0,0.06419
20254,San Mateo Río Hondo,Oaxaca,COLOTEPEC-TONAMECA,Pacífico Sur,3207.0,51.4580981482366,4.057,0.0,0.0,0.20812
20255,San Mateo Sindihui,Oaxaca,JAMILTEPEC,Pacífico Sur,1977.0,51.0976839718127,2.849,0.0,0.0,0.7457
20256,San Mateo Tlapiltepec,Oaxaca,CUICATLÁN,Golfo Centro,229.0,54.1803790601044,0.401,0.0,0.0,0.0
20257,San Melchor Betaza,Oaxaca,TUXTEPEC,Golfo Centro,1052.0,50.5228974367453,0.581,0.0,0.0,0.0
20258,San Miguel Achiutla,Oaxaca,JAMILTEPEC,Pacífico Sur,698.0,52.5189117034454,1.327,0.0,0.0,0.20545
20259,San Miguel Ahuehuetitlán,Oaxaca,TLAPA-HUAMUXTITLÁN,Balsas,2142.0,48.8923983586943,12.732,0.0,0.0,0.0
20260,San Miguel Aloápam,Oaxaca,CUICATLÁN,Golfo Centro,2191.0,51.6430011775482,5.41,0.0,0.0,0.0
20261,San Miguel Amatitlán,Oaxaca,MARISCALA,Balsas,6932.0,49.7764240023264,3.967,0.0,0.0,0.00069
20262,San Miguel Amatlán,Oaxaca,VALLES CENTRALES,Golfo Centro,991.0,54.8612656957314,1.625,0.0,0.0,0.0
20263,San Miguel Coatlán,Oaxaca,COLOTEPEC-TONAMECA,Pacífico Sur,3184.0,49.6306110506632,9.999,0.0,0.0,0.34628
20264,San Miguel Chicahua,Oaxaca,NOCHIXTLÁN,Golfo Centro,2169.0,49.5193260765046,0.8069999999999999,0.0,0.0,0.0007
20265,San Miguel Chimalapa,Oaxaca,OSTUTA,Pacífico Sur,6711.0,49.4017980791693,5.917,0.0,0.0,0.0
20266,San Miguel del Puerto,Oaxaca,HUATULCO,Pacífico Sur,8551.0,50.828917715961,9.267,0.0,0.0,0.55125
20267,San Miguel del Río,Oaxaca,CUICATLÁN,Golfo Centro,245.0,54.9865774015841,0.03,0.0,0.0,0.0
20268,San Miguel Ejutla,Oaxaca,RIO VERDE-EJUTLA,Pacífico Sur,1149.0,52.899233702561,3.428,0.0,0.0,0.5978300000000001
20269,San Miguel el Grande,Oaxaca,JAMILTEPEC,Pacífico Sur,4313.0,53.1428375914754,5.383,0.0,0.00024,0.8749199999999999
20270,San Miguel Huautla,Oaxaca,CUICATLÁN,Golfo Centro,1311.0,46.8971516543939,8.911999999999999,0.0,0.0,0.05437
20271,San Miguel Mixtepec,Oaxaca,RIO VERDE-EJUTLA,Pacífico Sur,3194.0,48.523345268306,0.4679999999999999,0.0,0.0,1.20265
20272,San Miguel Panixtlahuaca,Oaxaca,CHACAHUA,Pacífico Sur,6252.0,51.7386771961527,15.349,0.0,0.0,0.03658
20273,San Miguel Peras,Oaxaca,JAMILTEPEC,Pacífico Sur,3818.0,47.269059327979,1.207,0.0,0.0,1.19232
20274,San Miguel Piedras,Oaxaca,JAMILTEPEC,Pacífico Sur,1328.0,48.9661426242979,2.007,0.0,0.0,0.0
20275,San Miguel Quetzaltepec,Oaxaca,TEHUANTEPEC,Golfo Centro,7286.0,49.0606703594234,5.704,0.0,0.0,0.0
20276,San Miguel Santa Flor,Oaxaca,CUICATLÁN,Golfo Centro,691.0,47.2418640853462,0.225,0.0,0.0,0.0
20277,Villa Sola de Vega,Oaxaca,RIO VERDE-EJUTLA,Pacífico Sur,12350.0,49.4468624814672,19.551,0.0,0.0,4.3571100000000005
20278,San Miguel Soyaltepec,Oaxaca,TUXTEPEC,Golfo Centro,38682.0,49.7756830096573,47.771,137.008,0.0,8.497650000000002
20279,San Miguel Suchixtepec,Oaxaca,HUATULCO,Pacífico Sur,2932.0,53.0972058717847,15.659,0.0,0.0,0.01875
20280,Villa Talea de Castro,Oaxaca,TUXTEPEC,Pacífico Sur,2011.0,54.34150637698,7.29,0.0,0.0,0.0017
20281,San Miguel Tecomatlán,Oaxaca,NOCHIXTLÁN,Pacífico Sur,305.0,55.5490683855603,0.151,0.0,0.0,0.474
20282,San Miguel Tenango,Oaxaca,SANTIAGO ASTATA,Pacífico Sur,653.0,51.9027207537724,0.0,0.0,0.0,0.0
20283,San Miguel Tequixtepec,Oaxaca,CUICATLÁN,Golfo Centro,1044.0,53.6719929226672,3.3049999999999997,0.0,0.0,0.0
20284,San Miguel Tilquiápam,Oaxaca,TEHUANTEPEC,Pacífico Sur,3141.0,46.3475384588448,19.232,0.0,0.0,0.33627
20285,San Miguel Tlacamama,Oaxaca,PINOTEPA NACIONAL,Pacífico Sur,3668.0,50.709168331092,16.365000000000002,0.0,0.0,0.22358
20286,San Miguel Tlacotepec,Oaxaca,JUXTLAHUACA,Balsas,3100.0,51.9604872808828,5.746,0.0,0.0,0.048
20287,San Miguel Tulancingo,Oaxaca,TAMAZULAPAN,Golfo Centro,307.0,53.550859906398,3.659,0.0,0.0,0.01607
20288,San Miguel Yotao,Oaxaca,TUXTEPEC,Golfo Centro,585.0,52.5196819263618,0.0,0.0,0.0,0.0
20290,San Nicolás Hidalgo,Oaxaca,MARISCALA,Balsas,1043.0,53.2467117267401,0.747,0.0,0.0,0.3345
20291,San Pablo Coatlán,Oaxaca,COLOTEPEC-TONAMECA,Pacífico Sur,4308.0,52.589636983477,3.385,0.0,0.0,1.45935
20292,San Pablo Cuatro Venados,Oaxaca,JAMILTEPEC,Pacífico Sur,1510.0,48.6992771711282,0.0,0.0,0.0,1.14225
20293,San Pablo Etla,Oaxaca,VALLES CENTRALES,Pacífico Sur,17116.0,58.8988536274167,220.05,0.0,0.3661,1.45743
20294,San Pablo Huitzo,Oaxaca,VALLES CENTRALES,Pacífico Sur,7035.0,57.2850570323075,15.214,0.0,0.0,5.024800000000001
20295,San Pablo Huixtepec,Oaxaca,VALLES CENTRALES,Pacífico Sur,10020.0,57.0414850344605,77.366,0.0,0.00226,3.91413
20296,San Pablo Macuiltianguis,Oaxaca,CUICATLÁN,Golfo Centro,955.0,54.5513714183356,0.0,0.0,0.0,0.00083
20297,San Pablo Tijaltepec,Oaxaca,JAMILTEPEC,Pacífico Sur,2751.0,47.5669384478965,0.624,0.0,0.0,0.16284
20298,San Pablo Villa de Mitla,Oaxaca,TEHUANTEPEC,Pacífico Sur,13587.0,53.4313866494277,204.736,0.0,0.02567,0.29045
20299,San Pablo Yaganiza,Oaxaca,TUXTEPEC,Golfo Centro,1125.0,53.6068943318134,15.366,0.0,0.0,0.00432
20300,San Pedro Amuzgos,Oaxaca,CUAJINICUILAPA,Pacífico Sur,6632.0,50.8011468272046,38.54,0.0,0.0,2.08965
20301,San Pedro Apóstol,Oaxaca,VALLES CENTRALES,Pacífico Sur,1594.0,52.7893927924627,10.392,0.0,0.0,0.80042
20302,San Pedro Atoyac,Oaxaca,PINOTEPA NACIONAL,Pacífico Sur,4559.0,48.3996098124331,13.752,0.0,0.0,0.103
20303,San Pedro Cajonos,Oaxaca,TUXTEPEC,Pacífico Sur,1081.0,52.9416250443961,9.549,0.0,0.0,0.00018
20304,San Pedro Coxcaltepec Cántaros,Oaxaca,NOCHIXTLÁN,Golfo Centro,716.0,51.5914795658191,0.0,0.0,0.0,0.0007
20305,San Pedro Comitancillo,Oaxaca,TEHUANTEPEC,Pacífico Sur,4333.0,56.4557380770907,41.363,0.0,0.0,23.42205
20306,San Pedro el Alto,Oaxaca,HUATULCO,Pacífico Sur,4654.0,48.1619717003709,0.6749999999999999,0.0,0.0,0.07066
20307,San Pedro Huamelula,Oaxaca,HUATULCO,Pacífico Sur,9735.0,52.2420864602107,9.993,18.76,0.0,4.82719
20308,San Pedro Huilotepec,Oaxaca,TEHUANTEPEC,Pacífico Sur,3307.0,51.9926821720513,11.615,0.0,0.0,24.70033
20309,San Pedro Ixcatlán,Oaxaca,TUXTEPEC,Pacífico Sur,10368.0,46.9858139705765,17.965,60.858999999999995,0.0,0.0
20310,San Pedro Ixtlahuaca,Oaxaca,VALLES CENTRALES,Pacífico Sur,14552.0,48.7265683301703,21.751,0.0,0.01508,0.12707
20311,San Pedro Jaltepetongo,Oaxaca,CUICATLÁN,Golfo Centro,483.0,47.8230109057491,4.955,0.0,0.0,0.0
20312,San Pedro Jicayán,Oaxaca,PINOTEPA NACIONAL,Pacífico Sur,11279.0,46.9607271736682,17.16,0.0,0.0,0.5071599999999999
20313,San Pedro Jocotipac,Oaxaca,CUICATLÁN,Golfo Centro,730.0,50.634721241479,20.394,0.0,0.0,0.0
20314,San Pedro Juchatengo,Oaxaca,JAMILTEPEC,Pacífico Sur,1755.0,54.0939934127565,4.713,0.0,0.0,0.66382
20315,San Pedro Mártir,Oaxaca,VALLES CENTRALES,Pacífico Sur,1899.0,47.1380611251779,3.825,0.0,0.0,0.88467
20316,San Pedro Mártir Quiechapa,Oaxaca,TEHUANTEPEC,Pacífico Sur,738.0,53.5344254027423,2.431,0.0,0.0,0.0
20317,San Pedro Mártir Yucuxaco,Oaxaca,JUXTLAHUACA,Balsas,1257.0,51.8538626620502,0.0,0.0,0.0,0.14893
20318,San Pedro Mixtepec,Oaxaca,HUATULCO,Pacífico Sur,49780.0,55.0903064133824,469.533,126.061,0.12795,2.48753
20320,San Pedro Molinos,Oaxaca,JAMILTEPEC,Pacífico Sur,706.0,53.1293059271352,0.138,0.0,0.0,0.59987
20321,San Pedro Nopala,Oaxaca,TAMAZULAPAN,Balsas,751.0,52.5285452980084,0.0,0.0,0.0,0.0392099999999999
20322,San Pedro Ocopetatillo,Oaxaca,TUXTEPEC,Golfo Centro,786.0,47.4097094203431,2.29,0.0,0.0,0.0
20323,San Pedro Ocotepec,Oaxaca,TEHUANTEPEC,Golfo Centro,2404.0,51.6506203606087,0.223,0.0,0.0,0.0
20324,San Pedro Pochutla,Oaxaca,COLOTEPEC-TONAMECA,Pacífico Sur,48204.0,52.178716970936,232.185,142.464,0.0,1.07023
20325,San Pedro Quiatoni,Oaxaca,TEHUANTEPEC,Pacífico Sur,11930.0,48.661800040139,24.374,0.0,0.0,0.30421
20326,San Pedro Sochiápam,Oaxaca,TUXTEPEC,Golfo Centro,5052.0,49.0109646846964,1.085,0.0,0.0,0.0
20327,San Pedro Tapanatepec,Oaxaca,ARRIAGA-PIJIJIAPAN,Frontera Sur,15479.0,52.9007482096349,54.212,108.083,0.01542,36.708769999999994
20328,San Pedro Taviche,Oaxaca,TEHUANTEPEC,Pacífico Sur,1441.0,49.7217061954916,32.356,0.0,0.0,0.00191
20329,San Pedro Teozacoalco,Oaxaca,JAMILTEPEC,Pacífico Sur,1153.0,50.8827202143745,2.755,0.0,0.0,0.05759
20330,San Pedro Teutila,Oaxaca,TUXTEPEC,Golfo Centro,4296.0,51.7173019635777,3.2729999999999997,0.0,0.0,0.0
20331,San Pedro Tidaá,Oaxaca,JAMILTEPEC,Pacífico Sur,982.0,51.4319658423504,9.373,0.0,0.0,0.36589
20332,San Pedro Topiltepec,Oaxaca,NOCHIXTLÁN,Pacífico Sur,373.0,54.2764232252853,0.0,0.0,0.0,0.11746
20333,San Pedro Totolápam,Oaxaca,TEHUANTEPEC,Pacífico Sur,3294.0,54.9787896226522,4.198,0.0,0.53119,1.1883899999999998
20334,Villa de Tututepec,Oaxaca,BAJOS DE CHILA,Pacífico Sur,50541.0,52.894359256912,214.443,241.896,0.01818,39.577920000000006
20335,San Pedro Yaneri,Oaxaca,TUXTEPEC,Golfo Centro,867.0,51.8210830994088,0.0,0.0,0.0,0.01847
20336,San Pedro Yólox,Oaxaca,CUICATLÁN,Golfo Centro,1697.0,52.8351803080602,0.693,0.0,0.0,0.14233
20337,San Pedro Y San Pablo Ayutla,Oaxaca,TEHUANTEPEC,Pacífico Sur,5616.0,47.2293319903789,28.619999999999997,0.0,0.0,0.375
20338,Villa de Etla,Oaxaca,VALLES CENTRALES,Pacífico Sur,10361.0,56.9821096412451,89.538,0.0,0.0,0.59459
20339,San Pedro Y San Pablo Teposcolula,Oaxaca,NOCHIXTLÁN,Balsas,4353.0,55.6341582780187,46.828,0.0,0.0,0.427
20340,San Pedro Y San Pablo Tequixtepec,Oaxaca,HUAJUAPAN DE LEÓN,Balsas,1747.0,52.7085208072624,2.243,0.0,0.0,1.63181
20341,San Pedro Yucunama,Oaxaca,TAMAZULAPAN,Balsas,241.0,53.3629336470293,0.0,0.0,0.0,0.0
20342,San Raymundo Jalpan,Oaxaca,VALLES CENTRALES,Pacífico Sur,4105.0,56.631783852539,3.951,0.0,0.11048,0.6469199999999999
20343,San Sebastián Abasolo,Oaxaca,VALLES CENTRALES,Pacífico Sur,1999.0,54.1368791854952,3.337,0.0,0.0,1.15022
20344,San Sebastián Coatlán,Oaxaca,COLOTEPEC-TONAMECA,Pacífico Sur,2809.0,50.82088666831,1.652,0.0,0.0,0.01054
20345,San Sebastián Ixcapa,Oaxaca,CUAJINICUILAPA,Pacífico Sur,4188.0,51.878152700038,7.416,0.0,0.0,0.18498
20346,San Sebastián Nicananduta,Oaxaca,JUXTLAHUACA,Balsas,1542.0,52.5098698457851,9.996,0.0,0.0,0.0
20347,San Sebastián Río Hondo,Oaxaca,HUATULCO,Pacífico Sur,4202.0,52.9561460213299,16.087,0.0,0.0,0.04881
20348,San Sebastián Tecomaxtlahuaca,Oaxaca,JUXTLAHUACA,Balsas,8192.0,50.7964080029673,11.264,0.0,0.0,1.95118
20349,San Sebastián Teitipac,Oaxaca,VALLES CENTRALES,Pacífico Sur,2189.0,52.0470251628168,10.07,0.0,0.00235,0.2422699999999999
20350,San Sebastián Tutla,Oaxaca,VALLES CENTRALES,Pacífico Sur,16878.0,60.7781072895856,100.017,0.0,0.16005,0.09082
20351,San Simón Almolongas,Oaxaca,MIAHUATLÁN,Pacífico Sur,2802.0,51.7344870163757,1.131,0.0,0.0,0.35713
20352,San Simón Zahuatlán,Oaxaca,MARISCALA,Balsas,4940.0,46.0418417009038,4.619,0.0,0.0,0.0
20354,Santa Ana Ateixtlahuaca,Oaxaca,TUXTEPEC,Golfo Centro,477.0,48.4828729146059,0.0,0.0,0.0,0.0
20355,Santa Ana Cuauhtémoc,Oaxaca,TUXTEPEC,Golfo Centro,681.0,50.806467074437,1.223,0.0,0.0,0.0
20356,Santa Ana del Valle,Oaxaca,VALLES CENTRALES,Pacífico Sur,2179.0,53.019420174159,33.211999999999996,0.0,0.0,0.004
20357,Santa Ana Tavela,Oaxaca,TEHUANTEPEC,Pacífico Sur,848.0,52.8052412759881,1.7519999999999998,0.0,0.0,0.44373
20358,Santa Ana Tlapacoyan,Oaxaca,VALLES CENTRALES,Pacífico Sur,1958.0,52.2896594214521,5.869999999999999,0.0,0.0,2.14121
20359,Santa Ana Yareni,Oaxaca,CUICATLÁN,Golfo Centro,637.0,50.9479658597759,0.0,0.0,0.0,0.0
20360,Santa Ana Zegache,Oaxaca,VALLES CENTRALES,Pacífico Sur,3981.0,52.0155293004577,9.747,0.0,0.0,1.78527
20361,Santa Catalina Quierí,Oaxaca,TEHUANTEPEC,Pacífico Sur,825.0,50.2577499095684,0.0,0.0,0.0,0.0
20362,Santa Catarina Cuixtla,Oaxaca,MIAHUATLÁN,Pacífico Sur,1495.0,53.3564225932454,5.547000000000001,0.0,0.0,0.03435
20363,Santa Catarina Ixtepeji,Oaxaca,VALLES CENTRALES,Golfo Centro,2675.0,54.5242268769378,25.982,0.0,0.0,1.42204
20364,Santa Catarina Juquila,Oaxaca,BAJOS DE CHILA,Pacífico Sur,18654.0,52.2277125755336,61.856,0.0,0.0,0.22296
20365,Santa Catarina Lachatao,Oaxaca,VALLES CENTRALES,Golfo Centro,1059.0,53.4915531468688,0.946,0.075,0.0,1.00259
20366,Santa Catarina Loxicha,Oaxaca,COLOTEPEC-TONAMECA,Pacífico Sur,3676.0,50.2459886096789,6.742,0.0,0.0,0.02081
20367,Santa Catarina Mechoacán,Oaxaca,PINOTEPA NACIONAL,Pacífico Sur,4582.0,48.4107011491627,21.623,0.0,0.0,0.18112
20368,Santa Catarina Minas,Oaxaca,VALLES CENTRALES,Pacífico Sur,2067.0,52.2256656395788,31.438,0.0,0.00431,0.34456
20369,Santa Catarina Quiané,Oaxaca,VALLES CENTRALES,Pacífico Sur,2193.0,54.1772143001168,8.517,0.0,0.0,0.93036
20370,Santa Catarina Tayata,Oaxaca,JAMILTEPEC,Pacífico Sur,662.0,54.5908214866612,0.0,0.0,0.0,0.47721
20371,Santa Catarina Ticuá,Oaxaca,JAMILTEPEC,Pacífico Sur,986.0,50.954892999416,0.743,0.0,0.0,0.00162
20372,Santa Catarina Yosonotú,Oaxaca,JAMILTEPEC,Pacífico Sur,1316.0,48.2717177281597,0.075,0.0,0.0,0.27152
20373,Santa Catarina Zapoquila,Oaxaca,CUICATLÁN,Balsas,403.0,50.8057522501962,1.992,0.0,0.0,0.07128
20374,Santa Cruz Acatepec,Oaxaca,TUXTEPEC,Golfo Centro,1645.0,47.6036316714101,0.8939999999999999,0.0,0.0,0.0
20375,Santa Cruz Amilpas,Oaxaca,VALLES CENTRALES,Pacífico Sur,13200.0,58.5347969918961,37.187,0.0,0.0,0.10071
20376,Santa Cruz de Bravo,Oaxaca,TLAPA-HUAMUXTITLÁN,Balsas,365.0,52.244526200821,0.0,0.0,0.0,0.0
20377,Santa Cruz Itundujia,Oaxaca,JAMILTEPEC,Pacífico Sur,10860.0,49.3177498894513,54.058,0.032,0.0,1.3569
20378,Santa Cruz Mixtepec,Oaxaca,JAMILTEPEC,Pacífico Sur,3720.0,51.9025439579238,4.93,0.0,0.0,4.9645399999999995
20379,Santa Cruz Nundaco,Oaxaca,JUXTLAHUACA,Balsas,2951.0,51.6825946306106,0.513,0.0,0.0,0.009
20380,Santa Cruz Papalutla,Oaxaca,VALLES CENTRALES,Pacífico Sur,2242.0,54.0630639684229,18.29,0.0,0.0,0.15023
20381,Santa Cruz Tacache de Mina,Oaxaca,MARISCALA,Balsas,2940.0,54.5356858134997,10.063,0.0,0.0,0.7900900000000001
20382,Santa Cruz Tacahua,Oaxaca,JAMILTEPEC,Pacífico Sur,1182.0,52.4884961070652,0.5760000000000001,0.0,0.0,0.02294
20383,Santa Cruz Tayata,Oaxaca,JAMILTEPEC,Pacífico Sur,595.0,53.1442585592703,0.0,0.0,0.0,0.6817
20384,Santa Cruz Xitla,Oaxaca,MIAHUATLÁN,Pacífico Sur,4794.0,50.8953733456253,22.208,0.0,0.0,0.20482
20385,Santa Cruz Xoxocotlán,Oaxaca,VALLES CENTRALES,Pacífico Sur,100402.0,56.6961261437307,561.34,0.0,1.25218,2.0366
20386,Santa Cruz Zenzontepec,Oaxaca,JAMILTEPEC,Pacífico Sur,19079.0,47.3549432350158,1.009,0.0,0.0,0.20223
20387,Santa Gertrudis,Oaxaca,VALLES CENTRALES,Pacífico Sur,2891.0,53.9889097519205,6.5729999999999995,0.0,0.0,2.85503
20388,Santa Inés del Monte,Oaxaca,JAMILTEPEC,Pacífico Sur,2809.0,49.2878599922242,0.0,0.0,0.0,0.74366
20389,Santa Inés Yatzeche,Oaxaca,VALLES CENTRALES,Pacífico Sur,908.0,50.6267966410976,2.423,0.0,0.0,0.17844
20390,Santa Lucía del Camino,Oaxaca,VALLES CENTRALES,Pacífico Sur,50362.0,59.2376750764187,705.346,0.0,0.80053,0.37645
20391,Santa Lucía Miahuatlán,Oaxaca,COLOTEPEC-TONAMECA,Pacífico Sur,3375.0,46.2649006059431,0.73,0.0,0.0,0.0
20392,Santa Lucía Monteverde,Oaxaca,JAMILTEPEC,Pacífico Sur,6726.0,47.4820780115397,0.051,0.0,0.0,0.679
20393,Santa Lucía Ocotlán,Oaxaca,VALLES CENTRALES,Pacífico Sur,4173.0,51.8444318706952,5.4430000000000005,0.0,0.0,0.17411
20394,Santa María Alotepec,Oaxaca,TUXTEPEC,Golfo Centro,2796.0,51.357334555443,1.293,0.0,0.0,0.25
20395,Santa María Apazco,Oaxaca,CUICATLÁN,Golfo Centro,1629.0,45.9089767935002,2.132,0.0,0.0,0.6
20396,Santa María la Asunción,Oaxaca,CUICATLÁN,Golfo Centro,3259.0,44.8422391340918,3.731,0.0,0.0,0.0
20397,Heroica Ciudad de Tlaxiaco,Oaxaca,JAMILTEPEC,Balsas,40123.0,54.5630199976586,186.561,0.0,0.0,3.96881
20398,Ayoquezco de Aldama,Oaxaca,RIO VERDE-EJUTLA,Pacífico Sur,4874.0,52.6369304103301,22.095,0.0,0.0,2.1012899999999997
20399,Santa María Atzompa,Oaxaca,VALLES CENTRALES,Pacífico Sur,41921.0,55.8540974297137,144.522,0.0,0.28479,1.18574
20400,Santa María Camotlán,Oaxaca,HUAJUAPAN DE LEÓN,Balsas,1713.0,53.1680311710493,4.3020000000000005,0.0,0.0,0.68447
20401,Santa María Colotepec,Oaxaca,COLOTEPEC-TONAMECA,Pacífico Sur,27046.0,53.756400468584,97.966,26.532,0.12153,2.17099
20402,Santa María Cortijo,Oaxaca,PINOTEPA NACIONAL,Pacífico Sur,1067.0,51.4295469223902,6.088,0.0,0.0,2.91148
20403,Santa María Coyotepec,Oaxaca,VALLES CENTRALES,Pacífico Sur,3751.0,56.1721848198107,88.513,0.0,0.0,0.40523
20404,Santa María Chachoápam,Oaxaca,NOCHIXTLÁN,Pacífico Sur,761.0,55.6239920102871,2.249,0.0,0.0,1.06555
20405,Villa de Chilapa de Díaz,Oaxaca,TAMAZULAPAN,Balsas,1815.0,53.394499444537,77.779,0.0,0.00882,0.0730899999999999
20406,Santa María Chilchotla,Oaxaca,TUXTEPEC,Golfo Centro,21469.0,40.8112840713157,7.472,23.301,0.0,1.58087
20407,Santa María Chimalapa,Oaxaca,OSTUTA,Golfo Centro,9578.0,48.8081408183251,4.343999999999999,0.0,0.0,0.0
20408,Santa María del Rosario,Oaxaca,JAMILTEPEC,Balsas,499.0,53.3651955720257,0.0,0.0,0.0,0.021
20409,Santa María del Tule,Oaxaca,VALLES CENTRALES,Pacífico Sur,8939.0,59.1520989315474,568.009,0.0,0.11329,1.0463900000000002
20410,Santa María Ecatepec,Oaxaca,SANTIAGO ASTATA,Pacífico Sur,3418.0,52.8262604843605,2.558,0.0,0.0,0.19781
20411,Santa María Guelacé,Oaxaca,VALLES CENTRALES,Pacífico Sur,908.0,55.279739345339,2.46,0.0,0.0,0.1188
20412,Santa María Guienagati,Oaxaca,TEHUANTEPEC,Pacífico Sur,3178.0,50.3096351600402,52.718,0.025,0.0,0.0
20413,Santa María Huatulco,Oaxaca,HUATULCO,Pacífico Sur,50862.0,55.610652529718,282.093,176.275,0.12947,3.61684
20414,Santa María Huazolotitlán,Oaxaca,JAMILTEPEC,Pacífico Sur,11995.0,52.80277783685,32.439,0.66,0.0,6.81316
20415,Santa María Ipalapa,Oaxaca,CUAJINICUILAPA,Pacífico Sur,4878.0,52.7107982916197,5.972,0.0,0.0,2.43444
20416,Santa María Ixcatlán,Oaxaca,CUICATLÁN,Golfo Centro,461.0,50.8390377886686,16.171,0.0,0.0,0.0
20417,Santa María Jacatepec,Oaxaca,TUXTEPEC,Golfo Centro,9682.0,51.4458804966845,8.29,0.0,0.0,2.98972
20418,Santa María Jalapa del Marqués,Oaxaca,TEHUANTEPEC,Pacífico Sur,11735.0,54.7900826274877,39.207,49.59,0.0,1.33982
20419,Santa María Jaltianguis,Oaxaca,CUICATLÁN,Golfo Centro,592.0,55.413818795446,1.476,0.0,0.0,0.09456
20420,Santa María Lachixío,Oaxaca,RIO VERDE-EJUTLA,Pacífico Sur,1679.0,50.0945324757257,0.104,0.0,0.0,0.0
20421,Santa María Mixtequilla,Oaxaca,TEHUANTEPEC,Pacífico Sur,4690.0,54.7177461520833,15.172,0.0,207.87874,35.02472
20422,Santa María Nativitas,Oaxaca,NOCHIXTLÁN,Golfo Centro,603.0,54.4357959993165,0.2,0.0,0.0,0.00502
20423,Santa María Nduayaco,Oaxaca,JAMILTEPEC,Balsas,453.0,51.8901631445987,0.0,0.0,0.0,0.0
20424,Santa María Ozolotepec,Oaxaca,HUATULCO,Pacífico Sur,3793.0,50.1231360769611,0.113,0.0,0.0,0.01494
20425,Santa María Pápalo,Oaxaca,CUICATLÁN,Golfo Centro,2058.0,51.4299964218825,0.23,0.0,0.0,0.0
20426,Santa María Peñoles,Oaxaca,JAMILTEPEC,Pacífico Sur,8967.0,48.6004743002607,0.056,0.0,0.0,2.89318
20427,Santa María Petapa,Oaxaca,COATZACOALCOS,Golfo Centro,16706.0,53.0481071216159,23.316,0.0,0.0,0.01444
20428,Santa María Quiegolani,Oaxaca,TEHUANTEPEC,Pacífico Sur,2224.0,50.2302012319628,0.217,0.0,0.0,0.07776
20429,Santa María Sola,Oaxaca,JAMILTEPEC,Pacífico Sur,1516.0,50.7899803118819,3.053,0.0,0.0,0.85104
20430,Santa María Tataltepec,Oaxaca,JAMILTEPEC,Pacífico Sur,317.0,53.0337428951625,0.286,0.0,0.0,0.03018
20431,Santa María Tecomavaca,Oaxaca,CUICATLÁN,Golfo Centro,1830.0,53.9154945203507,4.3870000000000005,0.0,0.0,14.85413
20432,Santa María Temaxcalapa,Oaxaca,TUXTEPEC,Golfo Centro,903.0,54.9434987781757,1.366,0.0,0.0,0.0
20433,Santa María Temaxcaltepec,Oaxaca,BAJOS DE CHILA,Pacífico Sur,2694.0,47.6199911986166,1.815,0.0,0.0,0.312
20434,Santa María Teopoxco,Oaxaca,CUICATLÁN,Golfo Centro,3985.0,49.7014575104752,0.0,0.0,0.0,0.03499
20435,Santa María Tepantlali,Oaxaca,TEHUANTEPEC,Golfo Centro,3576.0,48.4845928358274,3.119,0.0,0.0,0.0
20436,Santa María Texcatitlán,Oaxaca,CUICATLÁN,Golfo Centro,896.0,45.092783383954,17.644,0.0,0.0,0.0
20437,Santa María Tlahuitoltepec,Oaxaca,TUXTEPEC,Golfo Centro,9653.0,50.3660609714925,21.81,0.0,0.0,0.14571
20438,Santa María Tlalixtac,Oaxaca,TUXTEPEC,Golfo Centro,1839.0,50.2964176637473,2.428,0.0,0.0,0.0
20439,Santa María Tonameca,Oaxaca,COLOTEPEC-TONAMECA,Pacífico Sur,25347.0,48.7982205220227,77.632,30.368,0.0,2.61202
20440,Santa María Totolapilla,Oaxaca,TEHUANTEPEC,Pacífico Sur,812.0,52.541761775247,0.936,0.0,0.0,0.0
20441,Santa María Xadani,Oaxaca,TEHUANTEPEC,Pacífico Sur,9234.0,53.262042239936,187.306,29.972,0.0,0.04297
20442,Santa María Yalina,Oaxaca,TUXTEPEC,Golfo Centro,250.0,53.756333386356,0.187,0.0,0.0,0.0
20443,Santa María Yavesía,Oaxaca,CUICATLÁN,Golfo Centro,434.0,55.8759046278587,1.328,0.0,0.0,0.46297
20444,Santa María Yolotepec,Oaxaca,JAMILTEPEC,Pacífico Sur,481.0,53.7290543995454,0.239,0.0,0.0,0.0011
20445,Santa María Yosoyúa,Oaxaca,JAMILTEPEC,Pacífico Sur,1699.0,53.5535314203014,0.443,0.0,0.0,0.27599
20446,Santa María Yucuhiti,Oaxaca,JAMILTEPEC,Pacífico Sur,6008.0,52.5173177386999,0.285,0.0,0.0,1.44345
20447,Santa María Zacatepec,Oaxaca,JAMILTEPEC,Pacífico Sur,17100.0,51.8377854330154,36.858,0.0,0.01679,4.6480500000000005
20448,Santa María Zaniza,Oaxaca,JAMILTEPEC,Pacífico Sur,2469.0,48.3442703894791,0.0,0.0,0.0,1.37709
20449,Santa María Zoquitlán,Oaxaca,TEHUANTEPEC,Pacífico Sur,3294.0,52.1495671686957,9.802,0.0,0.0,2.47707
20450,Santiago Amoltepec,Oaxaca,JAMILTEPEC,Pacífico Sur,13855.0,44.1186431724611,1.0739999999999998,0.0,0.0,0.015
20451,Santiago Apoala,Oaxaca,CUICATLÁN,Golfo Centro,1019.0,44.4291367505471,2.707,0.0,0.0,0.1970599999999999
20452,Santiago Apóstol,Oaxaca,VALLES CENTRALES,Pacífico Sur,4421.0,48.4040264456717,29.571,0.0,0.0,1.36921
20453,Santiago Astata,Oaxaca,SANTIAGO ASTATA,Pacífico Sur,3918.0,52.2569610942902,13.284,11.82,0.0,1.63798
20454,Santiago Atitlán,Oaxaca,TUXTEPEC,Golfo Centro,3556.0,50.1776973947895,0.261,0.0,0.0,0.0
20455,Santiago Ayuquililla,Oaxaca,MARISCALA,Balsas,2904.0,49.9234229838912,3.229,0.0,0.0,0.03423
20456,Santiago Cacaloxtepec,Oaxaca,HUAJUAPAN DE LEÓN,Balsas,1667.0,52.1929545013752,8.548,0.0,0.0,0.0439699999999999
20457,Santiago Camotlán,Oaxaca,TUXTEPEC,Golfo Centro,3346.0,51.7341915541368,0.61,0.0,0.0,0.0
20458,Santiago Comaltepec,Oaxaca,CUICATLÁN,Golfo Centro,1157.0,54.5213860391446,0.0,0.0,0.0,0.0
20459,Villa de Santiago Chazumba,Oaxaca,HUAJUAPAN DE LEÓN,Balsas,4877.0,54.1773430228497,19.769,0.0,0.0,0.57515
20460,Santiago Choápam,Oaxaca,TUXTEPEC,Golfo Centro,5242.0,49.4988304758647,1.633,0.953,0.0,0.0
20461,Santiago del Río,Oaxaca,MARISCALA,Balsas,527.0,49.6208829508289,1.54,0.0,0.0,0.00057
20462,Santiago Huajolotitlán,Oaxaca,HUAJUAPAN DE LEÓN,Balsas,4600.0,54.7586371979169,15.363,0.0,0.00298,2.40941
20463,Santiago Huauclilla,Oaxaca,CUICATLÁN,Golfo Centro,525.0,53.0819304203056,0.0,0.0,0.0,0.01006
20464,Santiago Ihuitlán Plumas,Oaxaca,CUICATLÁN,Golfo Centro,341.0,53.0205289183895,1.375,0.0,0.0,0.99415
20465,Santiago Ixcuintepec,Oaxaca,COATZACOALCOS,Golfo Centro,1636.0,50.2138824372691,0.807,0.0,0.0,0.0
20466,Santiago Ixtayutla,Oaxaca,JAMILTEPEC,Pacífico Sur,13880.0,43.7481213509579,3.658,0.0,0.0,0.0878
20467,Santiago Jamiltepec,Oaxaca,CHACAHUA,Pacífico Sur,19112.0,52.8457154791546,76.33800000000001,24.998,0.0,13.52153
20468,Santiago Jocotepec,Oaxaca,TUXTEPEC,Golfo Centro,14198.0,49.8649844722351,4.147,0.025,0.0,0.51648
20469,Santiago Juxtlahuaca,Oaxaca,JAMILTEPEC,Pacífico Sur,34735.0,49.1408928451377,59.012,0.0,0.00357,3.62523
20470,Santiago Lachiguiri,Oaxaca,TEHUANTEPEC,Pacífico Sur,4394.0,50.6875641619017,1.803,0.0,0.0,0.006
20471,Santiago Lalopa,Oaxaca,TUXTEPEC,Golfo Centro,431.0,54.1298786487458,0.099,0.0,0.0,0.0
20472,Santiago Laollaga,Oaxaca,TEHUANTEPEC,Pacífico Sur,3361.0,55.1268808613649,12.329,0.0,0.0,0.30555
20473,Santiago Laxopa,Oaxaca,TUXTEPEC,Golfo Centro,1291.0,54.6516242189044,0.586,0.0,0.0,0.0
20474,Santiago Llano Grande,Oaxaca,PINOTEPA NACIONAL,Pacífico Sur,3440.0,52.3542038367847,6.671,0.0,0.0,2.4955
20475,Santiago Matatlán,Oaxaca,TEHUANTEPEC,Pacífico Sur,10175.0,51.3465944047261,232.158,0.0,0.0,1.94801
20476,Santiago Miltepec,Oaxaca,MARISCALA,Balsas,421.0,53.6561067159525,1.975,0.0,0.0,1.23294
20477,Santiago Minas,Oaxaca,JAMILTEPEC,Pacífico Sur,1327.0,50.7690022916533,0.178,0.0,0.0,0.5706
20478,Santiago Nacaltepec,Oaxaca,CUICATLÁN,Golfo Centro,1599.0,52.98765344698,0.6950000000000001,0.0,0.0,1.17073
20479,Santiago Nejapilla,Oaxaca,NOCHIXTLÁN,Pacífico Sur,174.0,53.2512253219745,0.0,0.0,0.0,0.0
20480,Santiago Nundiche,Oaxaca,JUXTLAHUACA,Balsas,1351.0,48.0230459550292,0.0,0.0,0.0,0.012
20481,Santiago Nuyoó,Oaxaca,JAMILTEPEC,Pacífico Sur,1898.0,52.3134293543232,0.055,0.0,0.0,0.2455
20482,Santiago Pinotepa Nacional,Oaxaca,PINOTEPA NACIONAL,Pacífico Sur,55840.0,52.519989421088,239.391,93.437,0.01354,13.09131
20483,Santiago Suchilquitongo,Oaxaca,VALLES CENTRALES,Pacífico Sur,10886.0,55.8357156701387,17.863,0.0,0.0,2.81185
20484,Santiago Tamazola,Oaxaca,TLAPA-HUAMUXTITLÁN,Balsas,4458.0,51.6063108661805,5.471,0.0,0.0,1.43252
20485,Santiago Tapextla,Oaxaca,PINOTEPA NACIONAL,Pacífico Sur,3134.0,48.1332158058393,2.342,0.0,0.0,2.42789
20486,Villa Tejúpam de la Unión,Oaxaca,TAMAZULAPAN,Balsas,2419.0,53.6505596835076,6.341,0.0,0.0,1.76103
20487,Santiago Tenango,Oaxaca,VALLES CENTRALES,Pacífico Sur,1966.0,53.0426663947868,0.364,0.0,0.0,0.09487
20488,Santiago Tepetlapa,Oaxaca,CUICATLÁN,Golfo Centro,130.0,54.4258691471755,0.258,0.0,0.0,0.0
20489,Santiago Tetepec,Oaxaca,JAMILTEPEC,Pacífico Sur,4909.0,50.6875080323753,3.97,0.0,0.0,0.6887
20490,Santiago Texcalcingo,Oaxaca,TUXTEPEC,Golfo Centro,2974.0,50.2237078805819,0.0,0.0,0.0,0.0
20491,Santiago Textitlán,Oaxaca,JAMILTEPEC,Pacífico Sur,4930.0,52.0912398392836,2.982,0.0,0.0,1.53841
20492,Santiago Tilantongo,Oaxaca,JAMILTEPEC,Pacífico Sur,2764.0,49.3792887808089,0.782,0.0,0.0,0.03366
20493,Santiago Tillo,Oaxaca,NOCHIXTLÁN,Pacífico Sur,545.0,54.949829315233,0.0,0.0,0.0,1.265
20494,Santiago Tlazoyaltepec,Oaxaca,JAMILTEPEC,Pacífico Sur,6300.0,48.5927597890768,0.0,0.0,0.0,0.2582
20495,Santiago Xanica,Oaxaca,HUATULCO,Pacífico Sur,3029.0,47.5692714238263,1.085,0.0,0.0,0.1922
20496,Santiago Xiacuí,Oaxaca,CUICATLÁN,Golfo Centro,1893.0,55.9422894145845,0.0,0.0,0.0,0.03503
20497,Santiago Yaitepec,Oaxaca,BAJOS DE CHILA,Pacífico Sur,4233.0,46.8524520228997,36.287,0.0,0.0,0.0
20498,Santiago Yaveo,Oaxaca,TUXTEPEC,Golfo Centro,7593.0,47.5112566808134,1.01,0.0,0.0,7.10254
20499,Santiago Yolomécatl,Oaxaca,TAMAZULAPAN,Balsas,1922.0,55.648676519915,8.788,0.0,0.0,0.01052
20500,Santiago Yosondúa,Oaxaca,JAMILTEPEC,Pacífico Sur,7991.0,51.0794466846879,5.982,0.0,0.0,1.47968
20501,Santiago Yucuyachi,Oaxaca,TLAPA-HUAMUXTITLÁN,Balsas,998.0,52.5539267132105,0.175,0.0,0.0,0.0075
20502,Santiago Zacatepec,Oaxaca,TUXTEPEC,Golfo Centro,5089.0,45.7940075417243,1.108,0.0,0.0,0.0
20503,Santiago Zoochila,Oaxaca,TUXTEPEC,Golfo Centro,425.0,55.0567640353756,1.887,0.0,0.0,0.0
20504,Nuevo Zoquiápam,Oaxaca,VALLES CENTRALES,Golfo Centro,1590.0,53.671572928247,6.886,0.0,0.0,2.91611
20505,Santo Domingo Ingenio,Oaxaca,OSTUTA,Pacífico Sur,7681.0,56.2139112768298,80.32,0.0,0.00086,4.8651800000000005
20506,Santo Domingo Albarradas,Oaxaca,TUXTEPEC,Pacífico Sur,798.0,53.177916491188,5.159,0.0,0.0,0.0774
20507,Santo Domingo Armenta,Oaxaca,PINOTEPA NACIONAL,Pacífico Sur,3155.0,50.7852211460312,10.637,0.0,0.0,2.30468
20508,Santo Domingo Chihuitán,Oaxaca,TEHUANTEPEC,Pacífico Sur,1618.0,55.1514138561123,4.666,0.0,0.0,0.21519
20509,Santo Domingo de Morelos,Oaxaca,COLOTEPEC-TONAMECA,Pacífico Sur,11384.0,47.1044270182945,11.001,0.0,0.0,0.01824
20510,Santo Domingo Ixcatlán,Oaxaca,JAMILTEPEC,Pacífico Sur,760.0,50.7343198802279,0.134,0.0,0.0,0.0468
20511,Santo Domingo Nuxaá,Oaxaca,JAMILTEPEC,Pacífico Sur,3335.0,48.2469529241055,3.565,0.0,0.0,0.01037
20512,Santo Domingo Ozolotepec,Oaxaca,HUATULCO,Pacífico Sur,1101.0,50.9489728844747,0.307,0.0,0.0,0.0
20513,Santo Domingo Petapa,Oaxaca,TEHUANTEPEC,Golfo Centro,9027.0,53.1250978241592,31.607999999999997,0.0,0.0,0.0
20514,Santo Domingo Roayaga,Oaxaca,TUXTEPEC,Golfo Centro,941.0,47.4991211588905,0.0,0.0,0.0,0.0
20515,Santo Domingo Tehuantepec,Oaxaca,SANTIAGO ASTATA,Pacífico Sur,67739.0,55.2154760768848,290.617,238.313,0.04864,24.78411
20516,Santo Domingo Teojomulco,Oaxaca,JAMILTEPEC,Pacífico Sur,5260.0,51.8718498461093,4.226,0.0,0.0,0.15589
20517,Santo Domingo Tepuxtepec,Oaxaca,TEHUANTEPEC,Golfo Centro,6029.0,46.6709890286738,39.029,0.0,0.0,0.0465
20518,Santo Domingo Tlatayápam,Oaxaca,NOCHIXTLÁN,Pacífico Sur,113.0,55.0780817116493,0.357,0.0,0.0,0.2499
20519,Santo Domingo Tomaltepec,Oaxaca,VALLES CENTRALES,Pacífico Sur,3386.0,54.5397240877879,34.571,0.0,0.0,0.21864
20520,Santo Domingo Tonalá,Oaxaca,JUXTLAHUACA,Balsas,7393.0,52.7208836589929,16.153,0.0,0.0,14.24599
20521,Santo Domingo Tonaltepec,Oaxaca,NOCHIXTLÁN,Balsas,250.0,53.1254366960545,0.0,0.0,0.0,0.00929
20522,Santo Domingo Xagacía,Oaxaca,TUXTEPEC,Golfo Centro,1205.0,50.1929983998036,4.413,0.0,0.0,0.0
20523,Santo Domingo Yanhuitlán,Oaxaca,NOCHIXTLÁN,Pacífico Sur,1633.0,54.5164901319105,2.32,0.0,0.0,0.3959999999999999
20524,Santo Domingo Yodohino,Oaxaca,TAMAZULAPAN,Balsas,327.0,55.0360332770858,4.484,0.0,0.0,0.0
20525,Santo Domingo Zanatepec,Oaxaca,OSTUTA,Pacífico Sur,12483.0,53.8857244800083,78.66,0.089,0.0,0.82817
20526,Santos Reyes Nopala,Oaxaca,BAJOS DE CHILA,Pacífico Sur,16688.0,51.7194107270272,38.834,-0.035,0.0,1.18419
20527,Santos Reyes Pápalo,Oaxaca,CUICATLÁN,Golfo Centro,2490.0,50.8722696747953,1.565,0.0,0.0,0.0
20528,Santos Reyes Tepejillo,Oaxaca,JUXTLAHUACA,Balsas,904.0,50.9613356433133,5.208,0.0,0.0,0.0
20529,Santos Reyes Yucuná,Oaxaca,MARISCALA,Balsas,1474.0,47.591830827377,0.0,0.0,0.0,0.0
20530,Santo Tomás Jalieza,Oaxaca,VALLES CENTRALES,Pacífico Sur,3923.0,49.786181722265,20.493,0.0,0.0,0.83239
20531,Santo Tomás Mazaltepec,Oaxaca,VALLES CENTRALES,Pacífico Sur,2612.0,54.5464834139844,31.993,0.0,0.0,0.7615299999999999
20532,Santo Tomás Ocotepec,Oaxaca,JAMILTEPEC,Balsas,4066.0,50.223222776954,0.304,0.0,0.0,0.0
20533,Santo Tomás Tamazulapan,Oaxaca,COLOTEPEC-TONAMECA,Pacífico Sur,2726.0,53.213162172348,45.357000000000006,0.0,0.0,0.716
20534,San Vicente Coatlán,Oaxaca,MIAHUATLÁN,Pacífico Sur,3512.0,48.8382679263955,16.275,0.0,0.0,0.0098
20535,San Vicente Lachixío,Oaxaca,RIO VERDE-EJUTLA,Pacífico Sur,3227.0,51.1740238493043,2.377,0.0,0.0,0.03152
20536,San Vicente Nuñú,Oaxaca,JAMILTEPEC,Balsas,449.0,54.751967187128,0.0,0.0,0.0,0.76855
20537,Silacayoápam,Oaxaca,TLAPA-HUAMUXTITLÁN,Balsas,6710.0,52.3851429865836,17.491,0.0,0.0,0.65054
20538,Sitio de Xitlapehua,Oaxaca,MIAHUATLÁN,Pacífico Sur,713.0,53.3916838727478,2.356,0.0,0.0,0.04847
20539,Soledad Etla,Oaxaca,VALLES CENTRALES,Pacífico Sur,6348.0,55.0669643867351,20.22,0.0,0.00518,0.98363
20540,Villa de Tamazulápam del Progreso,Oaxaca,TAMAZULAPAN,Balsas,8326.0,56.5393484361019,36.947,0.0,0.0,0.5741
20541,Tanetze de Zaragoza,Oaxaca,TUXTEPEC,Golfo Centro,1558.0,53.794266002626,1.307,0.0,0.0,0.0
20542,Taniche,Oaxaca,RIO VERDE-EJUTLA,Pacífico Sur,887.0,53.0141542466249,1.2970000000000002,0.0,0.0,0.77327
20543,Tataltepec de Valdés,Oaxaca,JAMILTEPEC,Pacífico Sur,6386.0,49.3746947228528,6.986,0.0,0.0,0.18335
20544,Teococuilco de Marcos Pérez,Oaxaca,VALLES CENTRALES,Golfo Centro,1032.0,52.6182245066547,3.094,0.0,0.00224,0.21696
20545,Teotitlán de Flores Magón,Oaxaca,CUICATLÁN,Golfo Centro,10099.0,55.692267844041,34.162,0.0,0.0,11.5468
20546,Teotitlán del Valle,Oaxaca,VALLES CENTRALES,Pacífico Sur,6392.0,52.064601362043,125.336,0.0,0.0,0.4923099999999999
20547,Teotongo,Oaxaca,TAMAZULAPAN,Balsas,1005.0,54.3033371157521,4.981,0.0,0.0,1.92234
20548,Tepelmeme Villa de Morelos,Oaxaca,CUICATLÁN,Golfo Centro,1960.0,49.6856358646832,7.875,0.0,0.0,0.07049
20549,"Heroica Villa Tezoatlán de Segura Y Luna, Cuna de la Independencia de Oaxaca",Oaxaca,JUXTLAHUACA,Balsas,11465.0,51.6898038116708,20.166,0.0,0.0,7.84578
20550,San Jerónimo Tlacochahuaya,Oaxaca,VALLES CENTRALES,Pacífico Sur,5764.0,53.687085210756,41.831,0.0,0.11284,0.98432
20551,Tlacolula de Matamoros,Oaxaca,TEHUANTEPEC,Pacífico Sur,30254.0,55.9767002010425,149.96699999999998,0.0,0.18797,6.27188
20552,Tlacotepec Plumas,Oaxaca,CUICATLÁN,Golfo Centro,410.0,54.4568370435835,2.173,0.0,0.0,0.04147
20553,Tlalixtac de Cabrera,Oaxaca,VALLES CENTRALES,Pacífico Sur,12067.0,57.0684831864466,528.075,0.0,0.27671,3.30326
20554,Totontepec Villa de Morelos,Oaxaca,TUXTEPEC,Golfo Centro,5904.0,50.7311560242598,6.553,0.0,0.0,0.29208
20555,Trinidad Zaachila,Oaxaca,VALLES CENTRALES,Pacífico Sur,3419.0,53.2272341100064,2.493,0.0,0.0,0.76603
20556,La Trinidad Vista Hermosa,Oaxaca,TAMAZULAPAN,Balsas,306.0,54.1172918618237,0.0,0.0,0.0,0.31771
20557,Unión Hidalgo,Oaxaca,TEHUANTEPEC,Pacífico Sur,14542.0,57.402700187761,76.583,0.0,0.0,22.92042
20558,Valerio Trujano,Oaxaca,CUICATLÁN,Golfo Centro,1376.0,53.905758832112,0.048,0.0,0.0,3.28566
20559,San Juan Bautista Valle Nacional,Oaxaca,TUXTEPEC,Golfo Centro,23067.0,53.6106634174365,33.057,1.531,0.0,0.1155699999999999
20560,Villa Díaz Ordaz,Oaxaca,VALLES CENTRALES,Pacífico Sur,6467.0,52.0265824626296,53.181,0.0,0.0017,0.69141
20561,Yaxe,Oaxaca,TEHUANTEPEC,Pacífico Sur,2954.0,49.8365052381525,14.628,0.0,0.0,2.46708
20562,Magdalena Yodocono de Porfirio Díaz,Oaxaca,JAMILTEPEC,Pacífico Sur,1682.0,53.998055275422,17.195,0.0,0.0,0.0
20563,Yogana,Oaxaca,MIAHUATLÁN,Pacífico Sur,1245.0,47.0043418380691,0.0,0.0,0.0,0.6057899999999999
20564,Yutanduchi de Guerrero,Oaxaca,JAMILTEPEC,Pacífico Sur,1195.0,50.6256169489425,13.046,0.0,0.0,0.0
20565,Villa de Zaachila,Oaxaca,VALLES CENTRALES,Pacífico Sur,46464.0,51.8806135514583,201.192,0.0,0.15806,3.48787
20566,San Mateo Yucutindoo,Oaxaca,JAMILTEPEC,Pacífico Sur,3144.0,49.6370734554883,0.498,0.0,0.0,0.46386
20567,Zapotitlán Lagunas,Oaxaca,TLAPA-HUAMUXTITLÁN,Balsas,3382.0,48.1187576430958,4.23,0.0,0.0,0.38824
20568,Zapotitlán Palmas,Oaxaca,MARISCALA,Balsas,1695.0,52.7085923713286,18.513,0.0,0.0,0.00823
20569,Santa Inés de Zaragoza,Oaxaca,NOCHIXTLÁN,Pacífico Sur,1454.0,49.8131705337607,0.033,0.0,0.0,0.0985
20570,Zimatlán de Álvarez,Oaxaca,JAMILTEPEC,Pacífico Sur,22093.0,54.1300585255153,136.324,0.0,0.03287,6.34401
21001,Acajete,Puebla,VALLE DE TECAMACHALCO,Balsas,72894.0,54.1870446725267,1455.299,0.0,2.79886,0.6203000000000001
21002,Ahuacatlán,Puebla,TECOLUTLA,Golfo Centro,9170.0,51.505070239247,25.822,0.0,0.0,0.78772
21003,Acatlán,Puebla,TLAPA-HUAMUXTITLÁN,Balsas,37955.0,53.981285833308,150.069,0.0,0.00128,5.88563
21004,Acatzingo,Puebla,VALLE DE TECAMACHALCO,Balsas,63743.0,54.3040399526349,564.279,74.321,0.0,9.6096
21005,Acteopan,Puebla,ATLIXCO-IZÚCAR DE MATAMOROS,Balsas,3070.0,47.1913584890913,61.379000000000005,0.0,0.0,1.28571
21007,Ahuatlán,Puebla,IXCAQUIXTLA,Balsas,3162.0,51.5294292706956,2.968,0.0,0.0,0.0
21008,Guadalupe Victoria,Puebla,LIBRES-ORIENTAL,Golfo Centro,11439.0,55.3629681806683,13.389,0.0,0.43987,6.156440000000001
21009,Ahuehuetitla,Puebla,IXCAQUIXTLA,Balsas,2207.0,52.086717019023,3.521,0.0,0.0,0.24512
21010,Ajalpan,Puebla,TUXTEPEC,Golfo Centro,74768.0,49.5226875208232,1671.88,0.0,0.03717,5.09094
21011,Albino Zertuche,Puebla,TLAPA-HUAMUXTITLÁN,Balsas,1885.0,53.1550237085235,6.663,0.0,0.0,0.00248
21012,Aljojuca,Puebla,LIBRES-ORIENTAL,Balsas,6591.0,54.4014537381603,5.765,0.0,0.0,1.07069
21013,Altepexi,Puebla,VALLE DE TEHUACÁN,Golfo Centro,22629.0,54.6388177261954,523.182,0.0,0.00483,7.36944
21014,Amixtlán,Puebla,TECOLUTLA,Golfo Centro,4812.0,49.8822422828798,4.371,0.0,0.0,8e-05
21015,Amozoc,Puebla,VALLE DE PUEBLA,Balsas,125876.0,56.5768836324401,10736.886,0.0,0.81381,1.09512
21016,Aquixtla,Puebla,TECOLUTLA,Golfo Centro,9021.0,52.8768102408361,27.325,0.0,0.0,6.3557500000000005
21017,Atempan,Puebla,TECOLUTLA,Golfo Centro,29742.0,53.9876210568804,136.435,0.0,0.00246,0.15492
21018,Atexcal,Puebla,HUAJUAPAN DE LEÓN,Balsas,3859.0,53.0098451639598,1.784,0.0,0.0,0.8216500000000001
21019,Atlixco,Puebla,ATLIXCO-IZÚCAR DE MATAMOROS,Balsas,141793.0,56.6300587438743,2668.487,0.0,1.85059,89.52772000000002
21020,Atoyatempan,Puebla,IXCAQUIXTLA,Balsas,7704.0,55.4476964443985,88.288,0.0,0.0,7.29672
21021,Atzala,Puebla,ATLIXCO-IZÚCAR DE MATAMOROS,Balsas,1512.0,54.4000316806716,2.405,0.0,0.06197,5.709490000000001
21022,Atzitzihuacán,Puebla,TEPALCINGO-AXOCHIAPAN,Balsas,12857.0,52.8577526622273,28.348,0.0,0.0,1.53384
21023,Atzitzintla,Puebla,TUXTEPEC,Golfo Centro,9051.0,51.6710467294333,33.475,0.0,0.0,0.19354
21024,Axutla,Puebla,IXCAQUIXTLA,Balsas,976.0,52.9334144043466,0.313,0.0,0.0,0.31523
21025,Ayotoxco de Guerrero,Puebla,TECOLUTLA,Golfo Centro,8208.0,52.4809312517531,25.634,0.971,0.0,0.01133
21026,Guadalupe,Puebla,MARISCALA,Balsas,15271.0,54.3971809246484,27.334,0.0,0.0,1.74534
21027,Caltepec,Puebla,CUICATLÁN,Golfo Centro,4128.0,51.4001884026317,1.663,0.0,0.0,0.76906
21028,Camocuautla,Puebla,TECOLUTLA,Golfo Centro,2758.0,50.5804835068056,3.428,0.0,0.0,0.0
21029,Caxhuacan,Puebla,TECOLUTLA,Golfo Centro,3811.0,51.9724859516312,10.959,0.0,0.0,0.0
21031,Coatzingo,Puebla,IXCAQUIXTLA,Balsas,2820.0,51.7659977442594,10.381,0.0,0.0,32.6678
21032,Cohetzala,Puebla,HUITZUCO,Balsas,1382.0,53.0128090307625,0.657,0.0,0.0,1.4496
21033,Cohuecan,Puebla,TEPALCINGO-AXOCHIAPAN,Balsas,5403.0,52.7507256236087,52.196,0.0,0.0,0.0
21034,Coronango,Puebla,VALLE DE PUEBLA,Balsas,46836.0,57.2454447252674,1018.607,0.0,0.7191,1.43446
21035,Coxcatlán,Puebla,CUICATLÁN,Golfo Centro,20653.0,53.8094186931408,247.478,0.523,0.0,37.45767
21036,Coyomeapan,Puebla,CUICATLÁN,Golfo Centro,14806.0,48.7013538573463,3.2039999999999997,0.0,0.0,1.33761
21037,Coyotepec,Puebla,IXCAQUIXTLA,Balsas,2334.0,54.1620183462901,1.834,0.0,0.0,1.86082
21038,Vicente Guerrero,Puebla,TUXTEPEC,Balsas,10542.0,54.3849044139687,725.028,0.0,0.01478,3.45488
21039,Cuautempan,Puebla,TECOLUTLA,Golfo Centro,9837.0,52.3645541675925,5.726,0.0,0.0,0.53873
21040,Cuautinchán,Puebla,IXCAQUIXTLA,Balsas,12340.0,52.1250668465823,5779.977,0.0,0.0,2.12055
21041,Cuautlancingo,Puebla,VALLE DE PUEBLA,Balsas,137435.0,59.89073263479,206570.598,0.0,1.95368,2.1633500000000003
21042,Cuayuca de Andrade,Puebla,IXCAQUIXTLA,Balsas,3315.0,51.1131835520234,6.577,0.0,0.0,0.66254
21043,Cuetzalan del Progreso,Puebla,TECOLUTLA,Golfo Centro,49864.0,51.0030473295445,76.461,0.0,0.0,0.31993
21044,Cuyoaco,Puebla,LIBRES-ORIENTAL,Balsas,17139.0,54.473680688158,21.407,0.0,0.0,4.05455
21045,Chalchicomula de Sesma,Puebla,ORIZABA-CORDOBA,Balsas,47410.0,55.4129914502671,363.368,0.452,0.91539,6.397360000000001
21046,Chapulco,Puebla,TUXTEPEC,Golfo Centro,8193.0,54.8380303344335,176.089,0.0,0.0,0.66643
21047,Chiautla,Puebla,IXCAQUIXTLA,Balsas,21699.0,54.4930818566327,72.637,1.332,0.0,1.64227
21048,Chiautzingo,Puebla,VALLE DE PUEBLA,Balsas,22039.0,55.8221847637757,69.34899999999999,0.0,0.0,9.58537
21049,Chiconcuautla,Puebla,ACAXOCHITLÁN,Golfo Centro,17382.0,48.8917765580963,3.994,0.0,0.0,0.0
21050,Chichiquila,Puebla,COTAXTLA,Golfo Centro,26928.0,49.2873160008827,5.603,0.0,0.0,0.00856
21051,Chietla,Puebla,IXCAQUIXTLA,Balsas,37030.0,55.0571097383883,3673.489,0.0,2.89657,104.30127
21052,Chigmecatitlán,Puebla,IXCAQUIXTLA,Balsas,1215.0,51.9459043519623,15.419,0.0,0.0,0.0
21053,Chignahuapan,Puebla,ALTO ATOYAC,Golfo Centro,66464.0,54.8357689259056,425.712,10.162,0.02848,19.41476
21054,Chignautla,Puebla,LIBRES-ORIENTAL,Golfo Centro,35223.0,53.6994319593911,665.026,2.503,0.0,21.79984
21055,Chila,Puebla,MARISCALA,Balsas,5082.0,51.4706511425846,9.994,0.0,0.0,0.9695
21056,Chila de la Sal,Puebla,IXCAQUIXTLA,Balsas,1317.0,53.1187097394576,1.551,0.0,0.0,0.048
21057,Honey,Puebla,ACAXOCHITLÁN,Golfo Centro,6687.0,52.2545499615667,7.489,0.0,0.0,0.756
21058,Chilchotla,Puebla,COSTERA DE VERACRUZ,Golfo Centro,21002.0,51.6092335036026,27.944,6.1610000000000005,0.0,0.12452
21059,Chinantla,Puebla,IXCAQUIXTLA,Balsas,2846.0,51.2861778728113,7.688,0.0,0.0,0.18023
21060,Domingo Arenas,Puebla,VALLE DE PUEBLA,Balsas,7982.0,55.0794289912105,10.683,0.0,0.0,0.60699
21062,Epatlán,Puebla,IXCAQUIXTLA,Balsas,4943.0,53.8196270510733,5.944,8.348999999999998,0.0,7.555899999999999
21063,Esperanza,Puebla,TUXTEPEC,Golfo Centro,14766.0,55.3544960728121,87.537,0.0,0.03874,4.661969999999999
21064,Francisco Z. Mena,Puebla,POZA RICA,Golfo Centro,17824.0,51.4757816429205,27.243,0.349,0.0,0.77224
21065,General Felipe Ángeles,Puebla,VALLE DE TECAMACHALCO,Balsas,22694.0,54.5077733450038,33.397999999999996,0.0,0.0,4.17342
21067,Pantepec,Puebla,POZA RICA,Balsas,18784.0,54.9962831331053,143.891,0.81,0.0,12.79157
21068,Hermenegildo Galeana,Puebla,TECOLUTLA,Golfo Centro,7011.0,49.96321822547,3.889,0.0,0.0,0.0
21069,Huaquechula,Puebla,ATLIXCO-IZÚCAR DE MATAMOROS,Balsas,29233.0,53.2640344435555,29.563,0.0,0.0,54.24532
21070,Huatlatlauca,Puebla,IXCAQUIXTLA,Balsas,6111.0,50.7069033177669,9.308,0.0,0.0,1.35743
21071,Huauchinango,Puebla,ACAXOCHITLÁN,Golfo Centro,103946.0,55.6599138856877,263.787,19.618,0.05042,14.70297
21072,Huehuetla,Puebla,TECOLUTLA,Golfo Centro,17082.0,47.7544133097575,25.509,0.0,0.0,0.0026
21073,Huehuetlán el Chico,Puebla,IXCAQUIXTLA,Balsas,9760.0,53.7191690138778,31.069000000000003,0.0,0.0,6.12603
21074,Huejotzingo,Puebla,VALLE DE PUEBLA,Balsas,90794.0,57.2878297242416,36937.876,0.0,11.06444,15.36615
21075,Hueyapan,Puebla,TECOLUTLA,Golfo Centro,13080.0,53.7123449273868,94.881,0.0,0.0,0.0596
21076,Hueytamalco,Puebla,MARTíNEZ DE LA TORRE-NAUTLA,Golfo Centro,27600.0,52.9064452603247,204.569,1.501,0.00819,2.6731000000000003
21077,Hueytlalpan,Puebla,TECOLUTLA,Golfo Centro,5951.0,46.7654890974039,4.202,0.0,0.0,0.00272
21078,Huitzilan de Serdán,Puebla,TECOLUTLA,Golfo Centro,15928.0,49.5318709003349,14.678,0.0,0.0,0.00324
21079,Huitziltepec,Puebla,VALLE DE TECAMACHALCO,Balsas,5782.0,54.3188768482396,19.174,0.0,0.0,7.03892
21080,Atlequizayan,Puebla,TECOLUTLA,Golfo Centro,2633.0,51.2717541751356,2.445,0.0,0.0,0.0
21081,Ixcamilpa de Guerrero,Puebla,TLAPA-HUAMUXTITLÁN,Balsas,4065.0,49.6206122305348,5.828,0.0,0.0,0.1785
21082,Ixcaquixtla,Puebla,IXCAQUIXTLA,Balsas,8804.0,55.9752886606756,22.002,0.0,0.0,9.66816
21083,Ixtacamaxtitlán,Puebla,EMILIANO ZAPATA,Golfo Centro,25319.0,52.4373172397588,20.701,0.0,0.0066,5.25241
21084,Ixtepec,Puebla,TECOLUTLA,Golfo Centro,6950.0,48.753224839486,21.906,0.0,0.0,0.0
21085,Izúcar de Matamoros,Puebla,IXCAQUIXTLA,Balsas,82809.0,55.9803646506846,809.539,0.0,0.07469,154.02935
21086,Jalpan,Puebla,POZA RICA,Golfo Centro,12050.0,50.0477522099812,0.0,0.0,0.0,0.52915
21087,Jolalpan,Puebla,HUITZUCO,Balsas,13308.0,51.4367626935752,53.008,1.517,0.0,0.5941299999999999
21088,Jonotla,Puebla,TECOLUTLA,Golfo Centro,4457.0,51.3817035256925,5.735,0.085,0.0,0.17521
21089,Jopala,Puebla,TECOLUTLA,Golfo Centro,12131.0,50.9710611038745,28.432,0.0,0.0,0.09962
21090,Juan C. Bonilla,Puebla,VALLE DE PUEBLA,Balsas,23783.0,57.2795080229273,909.511,0.0,0.0246,2.10795
21091,Juan Galindo,Puebla,ACAXOCHITLÁN,Golfo Centro,9828.0,57.6354660020421,34.863,0.0,0.0,0.0
21092,Juan N. Méndez,Puebla,IXCAQUIXTLA,Balsas,5293.0,52.0315343291835,10.519,0.0,0.0,1.0046
21093,Lafragua,Puebla,COSTERA DE VERACRUZ,Balsas,7650.0,53.2466217649757,0.101,0.0,0.0,0.59961
21094,Libres,Puebla,HUAMANTLA,Balsas,37257.0,55.7246541307075,132.97899999999998,0.0,0.0,23.63602
21095,La Magdalena Tlatlauquitepec,Puebla,IXCAQUIXTLA,Balsas,650.0,55.7065238229095,18.132,0.0,0.0,0.37458
21096,Mazapiltepec de Juárez,Puebla,LIBRES-ORIENTAL,Balsas,3176.0,54.842253347287,4.673,0.0,0.0,1.76494
21097,Mixtla,Puebla,VALLE DE TECAMACHALCO,Balsas,2668.0,56.1029050793764,4.379,0.0,0.0,1.20301
21098,Molcaxac,Puebla,IXCAQUIXTLA,Balsas,6668.0,53.595688323434,9.384,0.0,0.0,2.5359
21099,Cañada Morelos,Puebla,TUXTEPEC,Golfo Centro,20659.0,52.2034394892961,38.423,0.539,0.0,4.99636
21100,Naupan,Puebla,ACAXOCHITLÁN,Golfo Centro,9310.0,50.5501192064928,7.872,0.0,0.0,0.0
21101,Nauzontla,Puebla,TECOLUTLA,Golfo Centro,3317.0,52.6611323685747,3.969,0.0,0.0,0.0
21102,Nealtican,Puebla,VALLE DE PUEBLA,Balsas,14075.0,56.653147311774,233.098,0.0,0.0,4.48109
21103,Nicolás Bravo,Puebla,TUXTEPEC,Golfo Centro,6644.0,52.5364473513634,65.32,0.0,0.0,0.91299
21104,Nopalucan,Puebla,VALLE DE TECAMACHALCO,Balsas,32772.0,55.8216736957719,4895.129,0.0,5.08006,6.43361
21105,Ocotepec,Puebla,LIBRES-ORIENTAL,Balsas,5077.0,53.3651662275059,4.279999999999999,0.0,0.0,0.25859
21106,Ocoyucan,Puebla,IXCAQUIXTLA,Balsas,42669.0,55.9892191485837,406.903,0.0,0.00187,6.6321
21107,Olintla,Puebla,TECOLUTLA,Golfo Centro,11993.0,43.6856887151205,10.31,0.0,0.0,9e-05
21108,Oriental,Puebla,HUAMANTLA,Balsas,19903.0,55.4971385225531,59.703,0.0,5.79245,11.48248
21109,Pahuatlán,Puebla,ACAXOCHITLÁN,Golfo Centro,20274.0,51.6954702176506,101.747,0.0,0.0,0.18852
21110,Palmar de Bravo,Puebla,VALLE DE TECAMACHALCO,Balsas,50226.0,53.2714259535265,7023.966,1.277,0.0,37.58961
21112,Petlalcingo,Puebla,MARISCALA,Balsas,9350.0,52.0672948730919,46.224,0.0,0.0,3.09661
21113,Piaxtla,Puebla,IXCAQUIXTLA,Balsas,4627.0,52.1133164759504,7.15,0.0,0.0,1.2573599999999998
21114,Puebla,Puebla,IXCAQUIXTLA,Balsas,1692181.0,59.4644734263428,117972.499,7.135,24.69294,18.28698
21115,Quecholac,Puebla,VALLE DE TECAMACHALCO,Balsas,57992.0,53.3907629141748,392.302,69.80499999999999,3.14806,26.18943
21116,Quimixtlán,Puebla,COTAXTLA,Golfo Centro,22855.0,50.9674305878683,2.687,0.835,0.0,0.0
21117,Rafael Lara Grajales,Puebla,LIBRES-ORIENTAL,Balsas,15952.0,56.9627062506334,2774.1040000000003,0.0,7.68727,1.72545
21118,Los Reyes de Juárez,Puebla,VALLE DE TECAMACHALCO,Balsas,30021.0,54.8765567941413,83.295,70.351,1.50233,10.01072
21119,San Andrés Cholula,Puebla,VALLE DE PUEBLA,Balsas,154448.0,59.9365824961401,5216.345,0.0,0.98191,5.773289999999999
21120,San Antonio Cañada,Puebla,VALLE DE TEHUACÁN,Golfo Centro,5938.0,50.1660806669619,5.745,0.0,0.0,0.75849
21121,San Diego la Mesa Tochimiltzingo,Puebla,IXCAQUIXTLA,Balsas,1270.0,52.4073335440848,5.909,0.0,0.0,0.3
21122,San Felipe Teotlalcingo,Puebla,VALLE DE PUEBLA,Balsas,11063.0,56.2779449201811,15.461,0.0,0.0,6.51098
21123,San Felipe Tepatlán,Puebla,TECOLUTLA,Golfo Centro,3793.0,49.0901009671175,0.0,0.0,0.0,0.0
21124,San Gabriel Chilac,Puebla,VALLE DE TEHUACÁN,Golfo Centro,15954.0,54.3359528948424,283.071,0.0,0.0,9.61327
21125,San Gregorio Atzompa,Puebla,VALLE DE PUEBLA,Balsas,9671.0,57.9781689654493,1704.478,0.0,0.0,2.54362
21126,San Jerónimo Tecuanipan,Puebla,VALLE DE PUEBLA,Balsas,6597.0,53.4279951822184,4.003,0.0,0.0,2.67483
21127,San Jerónimo Xayacatlán,Puebla,HUAJUAPAN DE LEÓN,Balsas,3606.0,52.5505419635111,4.41,0.0,0.0,0.51414
21128,San José Chiapa,Puebla,HUAMANTLA,Balsas,10443.0,56.2186428328039,53974.191,0.0,2.27046,9.14208
21129,San José Miahuatlán,Puebla,CUICATLÁN,Golfo Centro,14018.0,53.7825429932631,119.486,0.0,0.0,4.89612
21130,San Juan Atenco,Puebla,VALLE DE TECAMACHALCO,Balsas,3604.0,54.1646867164637,2.693,0.0,0.0,0.24814
21131,San Juan Atzompa,Puebla,IXCAQUIXTLA,Balsas,975.0,54.4551342442315,13.734,0.0,0.0,0.0
21132,San Martín Texmelucan,Puebla,VALLE DE PUEBLA,Balsas,155738.0,58.2203845769481,17182.78,0.0,15.17333,31.21299
21133,San Martín Totoltepec,Puebla,ATLIXCO-IZÚCAR DE MATAMOROS,Balsas,692.0,54.2494230025806,0.403,0.0,0.0,0.36261
21134,San Matías Tlalancaleca,Puebla,VALLE DE PUEBLA,Balsas,20974.0,56.6224536705547,127.236,0.0,0.03157,7.72692
21135,San Miguel Ixitlán,Puebla,MARISCALA,Balsas,526.0,53.9091306421396,4.577,0.0,0.0,0.0
21136,San Miguel Xoxtla,Puebla,VALLE DE PUEBLA,Balsas,12461.0,58.6898539737101,10135.057,0.0,10.21183,3.1493
21137,San Nicolás Buenos Aires,Puebla,LIBRES-ORIENTAL,Balsas,10464.0,53.1797931304404,15.613,0.0,0.0,21.98896
21138,San Nicolás de los Ranchos,Puebla,ATLIXCO-IZÚCAR DE MATAMOROS,Balsas,11780.0,54.8180565680326,51.076,0.0,0.0,9.5664
21139,San Pablo Anicano,Puebla,IXCAQUIXTLA,Balsas,3759.0,52.6481084261642,10.382,0.0,0.0,1.02454
21140,San Pedro Cholula,Puebla,VALLE DE PUEBLA,Balsas,138433.0,59.0792822276916,6357.2029999999995,0.0,1.42224,3.99367
21141,San Pedro Yeloixtlahuaca,Puebla,MARISCALA,Balsas,3488.0,52.8638253944609,18.961,0.0,0.0,1.83284
21142,San Salvador el Seco,Puebla,VALLE DE TECAMACHALCO,Balsas,30639.0,55.4520982429278,260.306,0.0,0.0,19.69927
21143,San Salvador el Verde,Puebla,VALLE DE PUEBLA,Balsas,34880.0,56.8429076565582,495.354,0.0,0.0,13.47023
21144,San Salvador Huixcolotla,Puebla,VALLE DE TECAMACHALCO,Balsas,16790.0,53.8076128514112,476.207,23.982,0.0,12.73721
21145,San Sebastián Tlacotepec,Puebla,TUXTEPEC,Golfo Centro,13189.0,47.7343596432016,3.236,0.119,0.0,0.0
21146,Santa Catarina Tlaltempan,Puebla,IXCAQUIXTLA,Balsas,749.0,52.3965670546324,8.064,0.0,0.0,0.0
21147,Santa Inés Ahuatempan,Puebla,IXCAQUIXTLA,Balsas,6341.0,50.7784774716862,35.765,0.0,0.0,0.024
21148,Santa Isabel Cholula,Puebla,ATLIXCO-IZÚCAR DE MATAMOROS,Balsas,11498.0,51.6304527205526,155.93,0.0,0.00294,3.88329
21149,Santiago Miahuatlán,Puebla,VALLE DE TEHUACÁN,Golfo Centro,30309.0,53.4987287115658,1210.502,0.0,0.23723,12.09608
21150,Huehuetlán el Grande,Puebla,IXCAQUIXTLA,Balsas,6105.0,52.06892920154,8.657,0.0,0.0,0.15768
21151,Santo Tomás Hueyotlipan,Puebla,VALLE DE TECAMACHALCO,Balsas,9315.0,56.0821457962269,50.183,0.0,0.0,16.66872
21152,Soltepec,Puebla,VALLE DE TECAMACHALCO,Balsas,12631.0,55.0714460957403,17.868,0.0,0.0,0.53839
21153,Tecali de Herrera,Puebla,IXCAQUIXTLA,Balsas,23625.0,55.5035318931278,3728.005,0.0,5.5027,12.51206
21154,Tecamachalco,Puebla,VALLE DE TECAMACHALCO,Balsas,80771.0,55.8088335051119,3051.217,0.0,0.42636,39.89791
21155,Tecomatlán,Puebla,TLAPA-HUAMUXTITLÁN,Balsas,6830.0,53.2446284599386,17.686,0.0,0.0,1.81347
21156,Tehuacán,Puebla,VALLE DE TEHUACÁN,Golfo Centro,327312.0,57.1736295659565,18399.76,87.611,4.79541,54.26456
21157,Tehuitzingo,Puebla,IXCAQUIXTLA,Balsas,12672.0,52.2174481683516,39.103,0.726,0.0,3.1841600000000003
21158,Tenampulco,Puebla,TECOLUTLA,Golfo Centro,6743.0,50.149683979948,3.366,1.202,0.0,0.00095
21159,Teopantlán,Puebla,IXCAQUIXTLA,Balsas,3836.0,48.7359645518723,37.307,0.0,0.0,0.00933
21160,Teotlalco,Puebla,IXCAQUIXTLA,Balsas,3689.0,53.4744106548613,8.429,0.0,0.0,0.02298
21161,Tepanco de López,Puebla,VALLE DE TEHUACÁN,Golfo Centro,22218.0,54.8045707625278,3555.643,0.0,0.43644,82.59403
21162,Tepango de Rodríguez,Puebla,TECOLUTLA,Golfo Centro,4155.0,47.9911167872867,11.368,0.0,0.0,0.50443
21163,Tepatlaxco de Hidalgo,Puebla,VALLE DE PUEBLA,Balsas,18854.0,55.9740164967099,68.521,0.0,0.0,0.0
21164,Tepeaca,Puebla,VALLE DE TECAMACHALCO,Balsas,84270.0,55.5740313119697,752.806,0.0,0.0939,21.83906
21165,Tepemaxalco,Puebla,ATLIXCO-IZÚCAR DE MATAMOROS,Balsas,1216.0,49.8345162201161,8.792,0.0,0.0,0.43489
21166,Tepeojuma,Puebla,ATLIXCO-IZÚCAR DE MATAMOROS,Balsas,8918.0,54.5751838479252,18.639,0.0,0.0,39.719629999999995
21167,Tepetzintla,Puebla,TECOLUTLA,Golfo Centro,10373.0,48.9275005702066,2.948,0.0,0.0,0.0
21168,Tepexco,Puebla,TEPALCINGO-AXOCHIAPAN,Balsas,7523.0,50.5401702780679,28.159,0.0,0.0,1.16348
21169,Tepexi de Rodríguez,Puebla,IXCAQUIXTLA,Balsas,22331.0,52.619841699619,86.043,0.0,0.03765,4.88774
21170,Tepeyahualco,Puebla,LIBRES-ORIENTAL,Balsas,19200.0,53.9553903350347,405.941,0.0,0.0,10.54517
21171,Tepeyahualco de Cuauhtémoc,Puebla,VALLE DE TECAMACHALCO,Balsas,3851.0,55.453129065379,290.159,0.0,0.0,7.01208
21172,Tetela de Ocampo,Puebla,TECOLUTLA,Golfo Centro,27216.0,52.9691690328959,36.889,0.0,0.0,15.61051
21173,Teteles de Ávila Castillo,Puebla,TECOLUTLA,Golfo Centro,6653.0,57.8374853593855,43.279,0.0,0.0,0.23914
21174,Teziutlán,Puebla,TECOLUTLA,Golfo Centro,103583.0,57.5211818118232,7479.097,0.0,0.76565,0.91133
21175,Tianguismanalco,Puebla,ATLIXCO-IZÚCAR DE MATAMOROS,Balsas,14432.0,54.6742577532586,13.704,0.0,0.0,41.957739999999994
21176,Tilapa,Puebla,ATLIXCO-IZÚCAR DE MATAMOROS,Balsas,9664.0,54.4456067602377,15.646,0.0,0.0,28.578
21177,Tlacotepec de Benito Juárez,Puebla,IXCAQUIXTLA,Golfo Centro,54757.0,52.9058813524694,518.404,0.0,0.32884,22.71811
21178,Tlacuilotepec,Puebla,POZA RICA,Golfo Centro,15977.0,49.8870819386488,9.808,0.0,0.0,0.1739
21179,Tlachichuca,Puebla,ORIZABA-CORDOBA,Balsas,31639.0,53.9960641372479,94.864,0.0,0.0,4.43775
21180,Tlahuapan,Puebla,VALLE DE PUEBLA,Balsas,41547.0,55.709229183396,853.088,7.862,7.20288,23.756770000000003
21181,Tlaltenango,Puebla,VALLE DE PUEBLA,Balsas,7425.0,56.9620965294138,13.457,0.0,0.0,3.41387
21182,Tlanepantla,Puebla,VALLE DE TECAMACHALCO,Balsas,5390.0,55.2547648731919,73.49000000000001,0.0,0.0,6.00755
21183,Tlaola,Puebla,TECOLUTLA,Golfo Centro,20433.0,49.3740955409026,8.659,0.0,0.0,0.09365
21184,Tlapacoya,Puebla,TECOLUTLA,Golfo Centro,6422.0,50.8921321644112,5.092,0.0,0.0,0.02213
21185,Tlapanalá,Puebla,ATLIXCO-IZÚCAR DE MATAMOROS,Balsas,10344.0,53.3066844914418,24.392999999999997,0.0,0.0,43.37218
21186,Tlatlauquitepec,Puebla,LIBRES-ORIENTAL,Golfo Centro,55576.0,54.8352622513716,682.351,0.425,0.28855,8.607809999999999
21188,Tochimilco,Puebla,TEPALCINGO-AXOCHIAPAN,Balsas,19315.0,52.5501768688809,48.012,0.0,0.02781,4.447610000000001
21189,Tochtepec,Puebla,VALLE DE TECAMACHALCO,Balsas,22454.0,55.0300583594463,266.83,0.0,0.0,24.91028
21190,Totoltepec de Guerrero,Puebla,HUAJUAPAN DE LEÓN,Balsas,1187.0,53.8373754511084,0.718,0.0,0.00068,0.22649
21191,Tulcingo,Puebla,TLAPA-HUAMUXTITLÁN,Balsas,9871.0,52.3667925793858,46.370999999999995,0.0,0.0,0.82569
21192,Tuzamapan de Galeana,Puebla,TECOLUTLA,Golfo Centro,5924.0,53.1299697299529,6.511,0.0,0.0,0.00811
21193,Tzicatlacoyan,Puebla,IXCAQUIXTLA,Balsas,6476.0,52.2510995530557,11.486,0.0,0.0,0.40999
21196,Xayacatlán de Bravo,Puebla,IXCAQUIXTLA,Balsas,1570.0,53.5318022845794,1.822,0.0,0.0,0.0858
21197,Xicotepec,Puebla,POZA RICA,Golfo Centro,80591.0,54.8332525957009,820.414,3.0090000000000003,0.00126,0.65488
21198,Xicotlán,Puebla,IXCAQUIXTLA,Balsas,1312.0,47.3105916797851,0.947,0.0,0.0,0.21108
21199,Xiutetelco,Puebla,LIBRES-ORIENTAL,Golfo Centro,42943.0,53.302421367153,468.725,0.0,0.0,0.06099
21200,Xochiapulco,Puebla,TECOLUTLA,Golfo Centro,3443.0,51.7114974267485,32.899,0.0,0.0,0.312
21201,Xochiltepec,Puebla,IXCAQUIXTLA,Balsas,3375.0,53.5894645863985,5.649,0.0,0.0,5.74985
21202,Xochitlán de Vicente Suárez,Puebla,TECOLUTLA,Golfo Centro,13025.0,50.3628397177973,23.925,0.0,0.0,0.02183
21203,Xochitlán Todos Santos,Puebla,IXCAQUIXTLA,Balsas,7178.0,53.7538779911098,22.503,0.0,0.0,25.94407
21204,Yaonáhuac,Puebla,TECOLUTLA,Golfo Centro,7926.0,55.0249356160415,20.833,0.0,0.0,0.02095
21205,Yehualtepec,Puebla,VALLE DE TECAMACHALCO,Golfo Centro,26392.0,54.6532094547855,1860.059,0.0,0.02046,31.75518
21206,Zacapala,Puebla,IXCAQUIXTLA,Balsas,4647.0,51.2381892993837,3.737,0.0,0.0,2.44067
21207,Zacapoaxtla,Puebla,TECOLUTLA,Golfo Centro,57887.0,53.7486832996587,174.357,10.379,0.0,17.39131
21208,Zacatlán,Puebla,ACAXOCHITLÁN,Golfo Centro,87361.0,55.4248903782217,445.183,10.357,2.73017,15.79174
21209,Zapotitlán,Puebla,HUAJUAPAN DE LEÓN,Golfo Centro,8595.0,53.1390993259828,35.341,0.0,0.01355,0.4553899999999999
21210,Zapotitlán de Méndez,Puebla,TECOLUTLA,Golfo Centro,5675.0,52.8592160058735,16.676,0.0,0.0,0.01473
21211,Zaragoza,Puebla,TECOLUTLA,Golfo Centro,16752.0,57.252353704232,78.382,0.0,0.0,0.23001
21212,Zautla,Puebla,LIBRES-ORIENTAL,Golfo Centro,20717.0,51.1929186929248,85.432,0.579,0.0,1.40499
21213,Zihuateutla,Puebla,TECOLUTLA,Golfo Centro,11967.0,51.1222954884227,8.475,0.0,0.00602,0.07115
21214,Zinacatepec,Puebla,VALLE DE TEHUACÁN,Golfo Centro,18359.0,54.4523364875769,231.367,0.0,0.00224,14.42428
21215,Zongozotla,Puebla,TECOLUTLA,Golfo Centro,4539.0,52.1303951170637,15.166,0.0,0.0,0.0
21216,Zoquiapan,Puebla,TECOLUTLA,Golfo Centro,2452.0,50.7778393792522,2.233,0.0,0.0,0.006
21217,Zoquitlán,Puebla,TUXTEPEC,Golfo Centro,20335.0,48.1038208578218,8.992,0.0,0.0,369.48156
22001,Amealco de Bonfil,Querétaro,IXTLAHUACA-ATLACOMULCO,Golfo Norte,66841.0,52.6384709850884,713.481,0.0,0.132,51.41574
22002,Pinal de Amoles,Querétaro,TOLIMÁN,Golfo Norte,27365.0,51.3061242651513,12.888,0.0,0.0,0.4353399999999999
22003,Arroyo Seco,Querétaro,XICHÚ-ATARJEA,Golfo Norte,13142.0,54.4221025741989,12.265,2.581,0.0,3.89922
22004,Cadereyta de Montes,Querétaro,VALLE DE TEQUISQUIAPAN,Golfo Norte,69075.0,53.826877738956,797.317,3.426,0.00178,11.08529
22005,Colón,Querétaro,VALLE DE SAN JUAN DEL RÍO,Golfo Norte,67121.0,54.7822054109821,19853.895,0.0,12.74771,72.44758
22006,Corregidora,Querétaro,VALLE DE LA CUEVITA,Lerma-Santiago-Pacífico,212567.0,60.9170414526895,28559.526,0.0,7.35531,24.52606
22007,Ezequiel Montes,Querétaro,VALLE DE TEQUISQUIAPAN,Golfo Norte,45141.0,56.1421339340671,2635.944,0.0,0.66235,33.24404
22008,Huimilpan,Querétaro,MARAVATÍO-CONTEPEC-E. HUERTA,Lerma-Santiago-Pacífico,36808.0,55.8059966055312,1358.799,0.0,0.09891,32.20402
22009,Jalpan de Serra,Querétaro,TOLIMÁN,Golfo Norte,27343.0,55.3100149130507,67.484,1.851,0.0,8.41743
22010,Landa de Matamoros,Querétaro,TOLIMÁN,Golfo Norte,18794.0,51.8575519546268,7.337,0.0,0.0,0.12645
22011,El Marqués,Querétaro,VALLE DE SAN JUAN DEL RÍO,Lerma-Santiago-Pacífico,231668.0,58.7411801102888,116901.611,0.0,43.88577,111.98317
22012,Pedro Escobedo,Querétaro,VALLE DE SAN JUAN DEL RÍO,Golfo Norte,77404.0,56.9610052288028,5675.005,0.0,61.88068,75.2534
22013,Peñamiller,Querétaro,TOLIMÁN,Golfo Norte,19141.0,53.0975361584982,13.397,1.279,0.0,6.05951
22014,Querétaro,Querétaro,VALLE DE CELAYA,Lerma-Santiago-Pacífico,1049777.0,60.3649833591697,234752.461,39.468,141.86587,53.11682
22015,San Joaquín,Querétaro,MOCTEZUMA,Golfo Norte,8359.0,52.5047227244323,12.069,0.0,0.0,0.91435
22016,San Juan del Río,Querétaro,POLOTITLÁN,Golfo Norte,297804.0,58.8118455964751,92866.016,0.0,206.96278,161.26622
22017,Tequisquiapan,Querétaro,VALLE DE SAN JUAN DEL RÍO,Golfo Norte,72201.0,57.3416428388048,1245.005,0.0,1.93516,52.03543
22099,Tolimán,Querétaro,VALLE DE TEQUISQUIAPAN,,,,0.0,0.0,0.0,0.0
23001,Cozumel,Quintana Roo,PENÍNSULA DE YUCATÁN,Península de Yucatán,88626.0,58.6782928274151,638.434,3.209,0.24541,15.85487
23002,Felipe Carrillo Puerto,Quintana Roo,CERROS Y VALLES,Península de Yucatán,83990.0,52.6470861937271,172.518,5.928,0.00462,10.47869
23003,Isla Mujeres,Quintana Roo,PENÍNSULA DE YUCATÁN,Península de Yucatán,22686.0,56.9425144293761,78.632,145.392,0.0,49.60277
23004,Othón P. Blanco,Quintana Roo,XPUJIL,Península de Yucatán,233648.0,57.816395956287,4557.581,85.68299999999999,2.7386,245.82885
23006,José María Morelos,Quintana Roo,CERROS Y VALLES,Península de Yucatán,39165.0,52.4973224792241,63.616,0.0,0.0,29.50092
23007,Lázaro Cárdenas,Quintana Roo,PENÍNSULA DE YUCATÁN,Península de Yucatán,29171.0,53.5925709996106,62.13,155.344,0.00856,8.41633
23008,Solidaridad,Quintana Roo,PENÍNSULA DE YUCATÁN,Península de Yucatán,333800.0,59.5756301650506,2094.513,58.343,1.53281,256.18936
23009,Tulum,Quintana Roo,PENÍNSULA DE YUCATÁN,Península de Yucatán,46721.0,56.1479600777296,170.226,0.0,0.29704,30.17184
23010,Bacalar,Quintana Roo,XPUJIL,Península de Yucatán,41754.0,53.4834981325083,53.565,0.4659999999999999,0.04181,75.74218
23011,Puerto Morelos,Quintana Roo,PENÍNSULA DE YUCATÁN,Península de Yucatán,26921.0,58.2496774247571,1210.066,0.0,0.13989,57.12281
24001,Ahualulco del Sonido 13,San Luis Potosí,SAN LUIS POTOSÍ,Cuencas Centrales del Norte,18974.0,52.7831455311126,77.165,0.0,0.0,7.52677
24002,Alaquines,San Luis Potosí,RÍO VERDE,Golfo Norte,7785.0,51.228237686878,3.598,0.0,0.0,6.12
24003,Aquismón,San Luis Potosí,HUASTECA POTOSINA,Golfo Norte,48359.0,47.7391583775157,74.653,6.565,0.0,10.97865
24004,Armadillo de los Infante,San Luis Potosí,SAN NICOLÁS TOLENTINO,Golfo Norte,4013.0,52.8996653695929,0.378,0.0,0.0,3.63063
24006,Catorce,San Luis Potosí,MATEHUALA-HUIZACHE,Cuencas Centrales del Norte,9579.0,51.271146015899,4.046,0.0,0.0,8.45491
24007,Cedral,San Luis Potosí,CEDRAL-MATEHUALA,Cuencas Centrales del Norte,19840.0,56.8559405084245,132.936,0.0,0.0,9.20552
24008,Cerritos,San Luis Potosí,RÍO VERDE,Golfo Norte,22075.0,56.9490245753009,6127.271,0.0,1.25417,4.49729
24009,Cerro de San Pedro,San Luis Potosí,SAN NICOLÁS TOLENTINO,Cuencas Centrales del Norte,5050.0,56.3248080815687,0.0,0.0,0.52066,1.17846
24010,Ciudad del Maíz,San Luis Potosí,RÍO VERDE,Golfo Norte,30320.0,54.0303547241637,53.846,4.521,0.0,19.251759999999997
24011,Ciudad Fernández,San Luis Potosí,SANTA MARÍA DEL RÍO,Golfo Norte,48106.0,57.1508218680569,283.318,0.0,0.37231,72.71604
24012,Tancanhuitz,San Luis Potosí,TAMUÍN,Golfo Norte,20300.0,49.1411941890838,32.346,0.0,0.0,1.38423
24013,Ciudad Valles,San Luis Potosí,TAMUÍN,Golfo Norte,179371.0,57.4479950111411,6484.865,9.283,14.69919,250.70878
24015,Charcas,San Luis Potosí,VILLA DE ARISTA,Cuencas Centrales del Norte,21814.0,54.6441251091807,753.246,0.0,0.0,3.3296699999999997
24016,Ebano,San Luis Potosí,TAMPICO-MISANTLA,Golfo Norte,40899.0,56.1644359058229,456.498,6.737,0.0,184.07078
24017,Guadalcázar,San Luis Potosí,CERRITOS-VILLA JUÁREZ,Cuencas Centrales del Norte,25119.0,49.0070471872958,29.645,0.0,0.04989,11.38397
24018,Huehuetlán,San Luis Potosí,TAMUÍN,Golfo Norte,15334.0,50.5275187887786,1279.081,0.0,2.64726,2.89141
24019,Lagunillas,San Luis Potosí,TAMPAÓN-ZONA DE SIERRA,Golfo Norte,5453.0,52.7560430550016,0.402,0.0,0.0,4.434629999999999
24020,Matehuala,San Luis Potosí,MATEHUALA-HUIZACHE,Cuencas Centrales del Norte,102199.0,58.2205004740054,8831.183,0.0,0.0,10.99812
24021,Mexquitic de Carmona,San Luis Potosí,SAN LUIS POTOSÍ,Cuencas Centrales del Norte,58469.0,54.024823418533,1528.322,0.0,1.32142,14.16215
24022,Moctezuma,San Luis Potosí,VILLA DE ARISTA,Cuencas Centrales del Norte,19036.0,53.7655679053393,170.04,0.0,0.0,29.54169
24023,Rayón,San Luis Potosí,HUASTECA POTOSINA,Golfo Norte,15301.0,52.7614525123718,39.799,0.0,0.0,2.18724
24024,Rioverde,San Luis Potosí,XICHÚ-ATARJEA,Golfo Norte,97943.0,56.2486785437872,1223.306,0.0,0.06597,112.83478
24025,Salinas,San Luis Potosí,VILLA HIDALGO,Cuencas Centrales del Norte,31107.0,55.3206256899555,667.279,0.0,0.07815,31.8497
24026,San Antonio,San Luis Potosí,TAMUÍN,Golfo Norte,9382.0,50.8418683414023,3.919,0.0,0.0,1.38135
24027,San Ciro de Acosta,San Luis Potosí,XICHÚ-ATARJEA,Golfo Norte,10215.0,55.3762891058499,38.981,0.0,0.0,6.17385
24028,San Luis Potosí,San Luis Potosí,JARAL DE BERRIOS-VILLA DE REYES,Cuencas Centrales del Norte,911908.0,60.4891453569334,271723.026,0.955,186.73664,55.84511
24029,San Martín Chalchicuautla,San Luis Potosí,TAMPICO-MISANTLA,Golfo Norte,18468.0,49.3550330095779,9.874,0.0,0.0,5.30682
24030,San Nicolás Tolentino,San Luis Potosí,SAN NICOLÁS TOLENTINO,Golfo Norte,4779.0,53.6914001409053,0.16,0.0,0.0,7.73409
24031,Santa Catarina,San Luis Potosí,TAMPAÓN-ZONA DE SIERRA,Golfo Norte,12163.0,44.470323096072,0.0,0.0,0.0,1.74385
24032,Santa María del Río,San Luis Potosí,JARAL DE BERRIOS-VILLA DE REYES,Golfo Norte,39880.0,53.436125099673,160.036,0.0,0.90224,14.37594
24033,Santo Domingo,San Luis Potosí,VANEGAS-CATORCE,Cuencas Centrales del Norte,10785.0,52.9905728564408,1.701,0.0,0.0,18.08407
24034,San Vicente Tancuayalab,San Luis Potosí,TAMPICO-MISANTLA,Golfo Norte,14945.0,53.8250239605539,36.241,1.969,0.0,43.68372
24035,Coxcatlán,San Luis Potosí,TAMUÍN,Cuencas Centrales del Norte,332072.0,60.2932819776729,8857.548999999999,0.0,8.80997,16.12045
24036,Tamasopo,San Luis Potosí,HUASTECA POTOSINA,Golfo Norte,29184.0,51.0909799597704,1392.65,4.467,0.87582,36.23551
24037,Tamazunchale,San Luis Potosí,ZIMAPÁN,Golfo Norte,95037.0,52.8299731407825,145.784,1.519,86.22355,20.820829999999997
24038,Tampacán,San Luis Potosí,TAMUÍN,Golfo Norte,14348.0,50.7426627250659,5.516,0.528,0.0,4.11357
24039,Tampamolón Corona,San Luis Potosí,TAMUÍN,Golfo Norte,13603.0,51.1474849551664,13.093,0.365,0.0,9.06304
24040,Tamuín,San Luis Potosí,TAMPICO-MISANTLA,Golfo Norte,36968.0,55.0729947470425,16636.881,2.38,83.41871,212.38582
24041,Tanlajás,San Luis Potosí,TAMUÍN,Golfo Norte,18208.0,52.0849415657391,16.358,0.0,0.0,30.66748
24042,Tanquián de Escobedo,San Luis Potosí,TAMPICO-MISANTLA,Golfo Norte,13448.0,55.313302854634,80.488,1.441,0.0,7.893399999999999
24043,Tierra Nueva,San Luis Potosí,XICHÚ-ATARJEA,Golfo Norte,7966.0,52.0499620481921,31.19,0.0,0.0,8.98363
24044,Vanegas,San Luis Potosí,CEDRAL-MATEHUALA,Cuencas Centrales del Norte,7557.0,53.0245584045777,16.4,0.0,0.0,22.63268
24045,Venado,San Luis Potosí,VILLA DE ARISTA,Cuencas Centrales del Norte,14188.0,53.6532692732601,618.5459999999999,0.0,11.03051,19.87643
24046,Villa de Arriaga,San Luis Potosí,OCAMPO,Cuencas Centrales del Norte,18206.0,53.2087507417766,129.997,0.0,0.0,2.1482799999999997
24047,Villa de Guadalupe,San Luis Potosí,VILLA DE ARISTA,Cuencas Centrales del Norte,9277.0,50.9245426773852,4.912,0.0,0.0,27.01523
24048,Villa de la Paz,San Luis Potosí,CEDRAL-MATEHUALA,Cuencas Centrales del Norte,5298.0,56.4037044105879,34.18,0.0,0.0,0.628
24049,Villa de Ramos,San Luis Potosí,CHUPADEROS,Cuencas Centrales del Norte,38389.0,53.4597667118299,219.158,0.0,0.0,71.33751
24050,Villa de Reyes,San Luis Potosí,JARAL DE BERRIOS-VILLA DE REYES,Cuencas Centrales del Norte,52912.0,54.9862814747408,156474.306,0.0,32.41651,78.88753
24052,Villa Juárez,San Luis Potosí,RÍO VERDE,Golfo Norte,10304.0,53.5182700837445,13.68,0.0,0.0,17.16123
24053,Axtla de Terrazas,San Luis Potosí,TAMUÍN,Golfo Norte,32544.0,54.4715615464667,45.564,0.247,0.00134,3.1400699999999997
24054,Xilitla,San Luis Potosí,ZIMAPÁN,Golfo Norte,49741.0,50.8554984945648,45.462,0.0,0.0,0.10324
24056,Villa de Arista,San Luis Potosí,VILLA HIDALGO,Cuencas Centrales del Norte,17258.0,54.6433857629306,58.636,0.0,0.0,21.87623
24057,Matlapa,San Luis Potosí,ZIMAPÁN,Golfo Norte,28996.0,52.2664214369757,57.16,0.0,0.0,0.45788
24058,El Naranjo,San Luis Potosí,HUASTECA POTOSINA,Golfo Norte,20959.0,56.4754894700027,2293.186,1.56,1.96939,25.52504
24059,Villa de Pozos,San Luis Potosí,SAN LUIS POTOSÍ,,,,10305.03,0.0,0.0,0.0
24116,Villa Hidalgo,San Luis Potosí,SAN LUIS POTOSÍ,,,,0.0,0.0,0.0,0.0
24211,Zaragoza,San Luis Potosí,JARAL DE BERRIOS-VILLA DE REYES,,,,0.0,0.0,0.0,0.0
25002,Angostura,Sinaloa,RÍO CULIACÁN,Pacífico Norte,44093.0,57.2767511257247,310.513,1342.976,0.08956,251.35870999999997
25003,Badiraguato,Sinaloa,RÍO CULIACÁN,Pacífico Norte,26542.0,51.1903217401136,28.407,9.858,0.00066,1.30844
25004,Concordia,Sinaloa,RÍO BALUARTE,Pacífico Norte,24899.0,55.9143078455085,237.591,0.0,0.0,4.35008
25005,Cosalá,Sinaloa,RÍO ELOTA,Pacífico Norte,17012.0,54.7337072126401,45.27,15.302,0.05571,4.404059999999999
25006,Culiacán,Sinaloa,RÍO ELOTA,Pacífico Norte,1003530.0,59.6469560630253,36454.554,1438.169,33.6778,1877.61724
25007,Choix,Sinaloa,RÍO SINALOA,Pacífico Norte,29334.0,53.3869684021928,46.037,49.571,0.86015,0.99852
25008,Elota,Sinaloa,RÍO PIAXTLA,Pacífico Norte,55339.0,55.8149847106944,182.062,206.042,0.0,221.50451
25009,Escuinapa,Sinaloa,LAGUNA AGUA GRANDE,Pacífico Norte,59988.0,56.4302127899758,350.598,314.802,0.03761,38.29894
25010,El Fuerte,Sinaloa,RÍO SINALOA,Pacífico Norte,96593.0,55.5428366921348,4416.233,172.415,0.65051,1074.4562300000002
25011,Guasave,Sinaloa,RÍO MOCORITO,Pacífico Norte,289370.0,57.4289427021595,4772.1320000000005,1395.808,8.66913,1705.2245400000002
25012,Mazatlán,Sinaloa,RÍO QUELITE,Pacífico Norte,501441.0,59.6999642591626,23156.401,6996.681,0.13134,55.81223
25013,Mocorito,Sinaloa,RÍO CULIACÁN,Pacífico Norte,40358.0,55.2915596194213,61.241,0.0,0.0,180.85915
25015,Salvador Alvarado,Sinaloa,RÍO CULIACÁN,Pacífico Norte,79492.0,59.1357902529321,628.994,111.589,0.19443,646.84397
25016,San Ignacio,Sinaloa,RÍO QUELITE,Pacífico Norte,19505.0,54.623150870549,47.396,35.17,0.0,29.5899
25017,Cintalapa de Figueroa,Sinaloa,EL CARRIZO,Pacífico Norte,78670.0,53.4860304294174,138.307,61.291,0.14471,903.32916
25018,Navolato,Sinaloa,RÍO SAN LORENZO,Pacífico Norte,149122.0,56.6904242638884,1450.558,1519.561,0.57121,436.70748
25019,Eldorado,Sinaloa,RÍO SAN LORENZO,,,,162.864,221.338,0.0,0.0
25020,Juan José Ríos,Sinaloa,RÍO SINALOA,,,,60.182,140.388,0.0,0.0
25056,Rosario,Sinaloa,RÍO CAÑAS,,,,0.0,0.0,0.0,0.0
26002,Agua Prieta,Sonora,RÍO BAVISPE,Noroeste,91929.0,58.6321202733079,10242.823,0.0,0.47851,26.45251
26003,Álamos,Sonora,EL CARRIZO,Noroeste,24976.0,53.436431860847,59.384,19.944,4.71211,635.9425099999999
26004,Altar,Sonora,CABORCA,Noroeste,9492.0,57.2549161127697,25.878,0.0,0.0879,104.19649
26005,Arivechi,Sonora,YÉCORA,Noroeste,1177.0,56.7328167011922,2.526,0.0,0.0,1.31255
26006,Arizpe,Sonora,RÍO SONORA,Noroeste,2788.0,57.2258475694119,5.766,0.0,4.02474,14.401140000000002
26007,Atil,Sonora,CABORCA,Noroeste,626.0,57.6798790210215,0.0,0.0,0.0,8.37903
26008,Bacadéhuachi,Sonora,NACORI CHICO,Noroeste,979.0,56.5757785718752,0.5840000000000001,0.0,0.0,1.50291
26009,Bacanora,Sonora,RÍO CHICO,Noroeste,759.0,56.473778852233,1.881,0.0,0.0,2.33881
26010,Bacerac,Sonora,RÍO BAVISPE,Noroeste,1221.0,56.0834054648813,0.819,0.0,0.0,3.65488
26011,Bacoachi,Sonora,CUMPAS,Noroeste,1475.0,57.2258410577153,3.844,0.0,0.0,1.81986
26012,Bácum,Sonora,VALLE DEL YAQUI,Noroeste,23151.0,55.8500469062158,374.278,178.597,0.71544,209.6932
26013,Banámichi,Sonora,RÍO MOCTEZUMA,Noroeste,1825.0,58.3416456049774,8.003,0.0,5.71622,9.83625
26014,Baviácora,Sonora,RÍO MOCTEZUMA,Noroeste,3191.0,57.6960053400689,20.241,0.0,0.0,9.96663
26015,Bavispe,Sonora,RÍO BAVISPE,Noroeste,1169.0,57.0909438630272,0.0,0.0,0.0,12.9794
26016,Benjamín Hill,Sonora,COSTA DE HERMOSILLO,Noroeste,4988.0,57.4074407078711,41.839,0.0,0.05246,11.61108
26017,Caborca,Sonora,PUERTO LIBERTAD,Noroeste,89122.0,57.9384484648941,1822.984,401.645,163.06847,296.19995
26018,Cajeme,Sonora,COCORAQUE,Noroeste,436484.0,59.6178883034836,58467.136,3110.054,48.83873,1329.43207
26019,Eldorado,Sonora,RÍO SONORA,Noroeste,39451.0,59.6750634488765,1214.216,0.0,887.00201,48.43362
26020,Carbó,Sonora,COSTA DE HERMOSILLO,Noroeste,4946.0,56.1536324722873,15.787,0.0,0.0,32.28364
26021,La Colorada,Sonora,VALLE DE GUAYMAS,Noroeste,1848.0,56.5022855102437,0.253,0.0,6.20155,14.90533
26022,Moctezuma,Sonora,RÍO MOCTEZUMA,Noroeste,863.0,56.134818243072,0.609,0.0,5.2963,5.101769999999999
26023,Cumpas,Sonora,RÍO MOCTEZUMA,Noroeste,5829.0,58.6622295656059,3608.517,0.0,0.33672,17.82395
26024,Divisaderos,Sonora,NACORI CHICO,Noroeste,753.0,57.668957954668,0.281,0.0,0.0,0.253
26025,Empalme,Sonora,SAN JOSÉ DE GUAYMAS,Noroeste,51431.0,58.5098275043083,14171.539,291.552,0.10781,43.21674
26026,Etchojoa,Sonora,VALLE DEL MAYO,Noroeste,61309.0,55.0103346063358,401.069,0.0,0.13002,567.1428099999999
26027,Fronteras,Sonora,CUMPAS,Noroeste,9041.0,59.0513582154044,-5.574,0.0,0.0,28.04285
26028,Granados,Sonora,NACORI CHICO,Noroeste,1009.0,57.9704555419089,2.595,0.0,0.0,4.446890000000001
26029,Guaymas,Sonora,VALLE DEL YAQUI,Noroeste,156863.0,58.5191329127171,17447.975,2613.082,0.26957,150.17476000000002
26030,Hermosillo,Sonora,SAHUARAL,Noroeste,936263.0,60.4437538603046,240177.173,7535.013,74.6517,491.52423
26031,Huachinera,Sonora,NACORI CHICO,Noroeste,1186.0,56.5534097613117,0.0,0.0,0.0,7.796690000000001
26032,Huásabas,Sonora,RÍO MOCTEZUMA,Noroeste,888.0,58.0876552525352,3.426,0.0,0.0,7.91868
26033,Huatabampo,Sonora,EL CARRIZO,Noroeste,77682.0,56.1992942409049,698.5840000000001,1591.291,0.0,301.56881999999996
26034,Huépac,Sonora,RÍO MOCTEZUMA,Noroeste,943.0,58.3401720959105,1.397,0.0,0.0,9.46657
26035,Imuris,Sonora,RÍO SAN MIGUEL,Noroeste,12536.0,57.8331698923543,262.213,0.0,0.17186,16.012
26039,Naco,Sonora,RÍO FRONTERA,Noroeste,5774.0,58.4678341973091,145.856,0.0,0.0,4.24242
26040,Nácori Chico,Sonora,NACORI CHICO,Noroeste,1531.0,54.8449756322876,1.333,0.0,0.0,2.0322
26041,Nacozari de García,Sonora,CUMPAS,Noroeste,14369.0,60.1560054349981,62847.202,0.0,9.48831,247.81423
26042,Navojoa,Sonora,FUERTE-MAYO,Noroeste,164387.0,57.9419748391766,21289.79,13.826,29.75624,465.6377
26044,Ónavas,Sonora,RÍO CHICO,Noroeste,365.0,57.2111792448595,1.459,0.0,0.0,1.32905
26045,Opodepe,Sonora,RÍO ZANJÓN,Noroeste,2438.0,55.4563266983392,65.112,0.0,0.0,17.71614
26046,Oquitoa,Sonora,CABORCA,Noroeste,496.0,57.9345151666993,0.0,0.0,0.0,9.37967
26047,Pitiquito,Sonora,ARIVAIPA,Noroeste,9122.0,57.5664020548657,224.062,100.288,3.35135,50.82705
26048,Puerto Peñasco,Sonora,CABORCA,Noroeste,62689.0,58.6392146166767,703.884,1064.935,5.53559,31.61912
26049,Quiriego,Sonora,VALLE DEL MAYO,Noroeste,3090.0,49.4410849539782,0.871,0.0,0.0,7.49456
26052,Sahuaripa,Sonora,YÉCORA,Noroeste,5257.0,56.5226140656418,16.241,0.0,25.72219,16.18034
26053,San Felipe de Jesús,Sonora,RÍO SONORA,Noroeste,369.0,57.984899079762,0.0,0.0,0.0,0.72712
26054,Mazatán,Sonora,VALLE DE GUAYMAS,Noroeste,537.0,57.5386764794021,0.381,0.0,0.0,0.0415899999999999
26055,Magdalena,Sonora,RÍO SAN MIGUEL,Península de Baja California,199021.0,58.5336454830706,9625.047,595.583,0.06149,269.65405999999996
26056,Rosario,Sonora,COCORAQUE,Noroeste,10729.0,54.1163254703618,18.203000000000003,0.0,1.06234,69.68253
26057,San Pedro de la Cueva,Sonora,NACORI CHICO,Noroeste,1458.0,56.6027564432322,9.04,11.639,0.0,1.64872
26058,Santa Ana,Sonora,RÍO ZANJÓN,Noroeste,16203.0,58.9952098453735,1025.415,0.0,0.1641,31.79192
26059,Santa Cruz,Sonora,COCÓSPERA,Noroeste,1835.0,56.7390154783217,0.0,0.0,1.27692,12.42598
26060,Sáric,Sonora,RÍO ALTAR,Noroeste,2058.0,55.3784092311154,0.0,0.0,0.0,8.90965
26061,Soyopa,Sonora,RÍO CHICO,Noroeste,1368.0,55.9301861449669,0.0,0.0,0.2996,2.48592
26062,Suaqui Grande,Sonora,CUMURIPA,Noroeste,1114.0,56.5687422257567,3.121,0.0,0.0,1.22795
26063,Tepache,Sonora,NACORI CHICO,Noroeste,1178.0,57.2170199755329,1.901,0.0,0.0,0.17126
26064,Trincheras,Sonora,ARIVAIPA,Noroeste,1381.0,56.4495053672598,5.015000000000001,0.0,0.0,39.14775
26065,Tubutama,Sonora,CABORCA,Noroeste,1473.0,55.9414343753266,0.0,0.0,0.0,14.60865
26066,Ures,Sonora,RÍO MATAPE,Noroeste,8548.0,57.3541362087749,88.48,0.0,0.0,50.98564
26068,Villa Pesqueira,Sonora,RÍO TECORIPA,Noroeste,1043.0,56.5946007805219,0.902,0.0,0.12544,2.80627
26069,Yécora,Sonora,SAN BERNARDO,Noroeste,4793.0,53.1876210134935,18.954,0.0,0.0,7.3647
26070,General Plutarco Elías Calles,Sonora,ARROYO SAHUARO,Noroeste,13627.0,57.5333937570597,71.666,0.0,0.05812,63.32676
26072,San Ignacio Río Muerto,Sonora,VALLE DEL YAQUI,Noroeste,14279.0,55.3743606722922,41.369,1285.319,0.0,294.6684
26115,Nogales,Sonora,MAGDALENA,,,,0.0,0.0,0.0,0.0
26116,Villa Hidalgo,Sonora,HUASABAS,,,,0.0,0.0,0.0,0.0
27002,Cárdenas,Tabasco,REFORMA,Frontera Sur,243229.0,55.9741724391306,7582.567999999999,693.697,2.03821,54.33962
27003,Centla,Tabasco,MACUSPANA,Frontera Sur,107731.0,54.0359867539869,277.296,1336.545,0.01159,7.27748
27004,Centro,Tabasco,LA SIERRA,Frontera Sur,683607.0,58.7305881928387,61368.06,267.368,5.8958,21.41475
27005,Comalcalco,Tabasco,LA CHONTALPA,Frontera Sur,214877.0,56.3285825680257,1224.758,71.381,0.42844,3.0711
27006,Cunduacán,Tabasco,REFORMA,Frontera Sur,137257.0,55.4709692051991,372.086,41.275,1.50252,14.10744
27007,Emiliano Zapata,Tabasco,PALENQUE,Frontera Sur,32181.0,57.275449425551,395.561,311.956,0.25017,64.20288000000001
27008,Huimanguillo,Tabasco,REFORMA,Frontera Sur,190885.0,54.2023211917676,5181.5650000000005,32.751000000000005,254.80491,136.38666999999998
27009,Jalapa,Tabasco,LA SIERRA,Frontera Sur,37749.0,55.5079197419079,237.721,10.877,0.2926,6.44515
27010,Jalpa de Méndez,Tabasco,SAMARIA-CUNDUACÁN,Frontera Sur,91185.0,56.3321208402706,167.045,24.351,0.01575,3.03682
27011,Jonuta,Tabasco,PALENQUE,Frontera Sur,30798.0,53.3179949617422,45.647,2040.726,0.0,0.84719
27012,Macuspana,Tabasco,LA SIERRA,Frontera Sur,158601.0,54.3294238794459,19578.093,642.542,107.51115,24.61858
27013,Nacajuca,Tabasco,SAMARIA-CUNDUACÁN,Frontera Sur,150300.0,57.7795396992632,201.962,179.926,0.23177,2.44326
27014,Paraíso,Tabasco,LA CHONTALPA,Frontera Sur,96741.0,57.577451067832,382.409,1133.867,4.33555,67.18260000000001
27015,Tacotalpa,Tabasco,LA SIERRA,Frontera Sur,47905.0,54.3275567617433,163.771,0.0,0.00011,5.37796
27016,Teapa,Tabasco,LA SIERRA,Frontera Sur,58718.0,55.5497062217974,499.263,0.0,0.01655,52.97431
27017,Tenosique,Tabasco,OCOSINGO,Frontera Sur,62310.0,54.7349584457931,263.092,14.25,0.0,4.2075700000000005
27020,Juan José Ríos,Tabasco,BOCA DEL CERRO,,,,0.0,0.0,0.0,0.0
28002,Aldama,Tamaulipas,ZONA SUR,Golfo Norte,28725.0,56.1551917538532,156.812,253.307,0.0,75.42111
28003,Altamira,Tamaulipas,TAMPICO-MISANTLA,Golfo Norte,269790.0,58.9877930026862,111908.901,215.926,412.40603,109.50041
28004,Antiguo Morelos,Tamaulipas,TAMUÍN,Golfo Norte,8850.0,54.492839693816,131.245,0.0,0.00401,26.20393
28005,Burgos,Tamaulipas,SAN CARLOS,Golfo Norte,4256.0,55.0629000704137,8.25,0.0,0.0,3.26168
28006,Bustamante,Tamaulipas,BUENAVISTA,Golfo Norte,7542.0,48.4444217302682,5.048,0.0,0.0,0.44847
28008,Casas,Tamaulipas,LLERA-XICOTÉNCATL,Golfo Norte,4143.0,51.7799755912365,0.0,0.0,0.0,27.75764
28009,Ciudad Madero,Tamaulipas,TAMPICO-MISANTLA,Golfo Norte,205933.0,60.459278652103,27481.338,40.955,0.01113,0.05618
28010,Cruillas,Tamaulipas,JIMÉNEZ-ABASOLO,Golfo Norte,1671.0,54.3284892230934,1.114,0.0,0.0,0.78095
28011,Camargo,Tamaulipas,BAJO RÍO BRAVO,Golfo Norte,8288.0,54.9752429969075,270.863,0.0,0.0,132.97935
28012,González,Tamaulipas,TAMPICO-MISANTLA,Golfo Norte,41470.0,55.6700433351164,340.3,13.137,0.0,309.33277999999996
28013,Güémez,Tamaulipas,PALMILLAS-JAUMAVE,Golfo Norte,15032.0,55.0396508949848,20.269,0.0,0.71294,119.17333
28014,Guerrero,Tamaulipas,SABINAS-PARAS,Río Bravo,3803.0,55.8598671467506,16.969,60.86,0.0,14.38994
28015,Gustavo Díaz Ordaz,Tamaulipas,BAJO RÍO BRAVO,Río Bravo,15677.0,57.4290187938139,373.231,0.0,0.001,58.45397
28016,Hidalgo,Tamaulipas,PALMILLAS-JAUMAVE,Golfo Norte,17012.0,55.6565181411044,91.46,0.773,0.00269,173.05393999999998
28017,Matamoros,Tamaulipas,MÉNDEZ-SAN FERNANDO,Golfo Norte,15994.0,55.3206639371914,221.253,0.0,0.41575,45.09225
28019,Llera,Tamaulipas,OCAMPO-ANTIGUO MORELOS,Golfo Norte,14645.0,54.3937128635702,24.043,0.0,0.0149,153.51017
28020,Mainero,Tamaulipas,HIDALGO-VILLAGRáN,Golfo Norte,2048.0,55.3517569464596,0.0,0.0,0.0,36.611070000000005
28021,El Mante,Tamaulipas,TAMPICO-MISANTLA,Golfo Norte,106144.0,58.014984968223,1847.575,38.675,12.62495,352.07676999999995
28023,Méndez,Tamaulipas,MÉNDEZ-SAN FERNANDO,Golfo Norte,4280.0,53.7019372120909,1.823,0.0,0.0,3.60517
28024,Mier,Tamaulipas,SABINAS-PARAS,Río Bravo,6385.0,58.5850303497704,43.945,0.0,0.0,14.20194
28025,Miguel Alemán,Tamaulipas,AGUALEGUAS-RAMONES,Río Bravo,26237.0,58.3864639994001,137.6,12.071,0.0,31.30438
28026,Miquihuana,Tamaulipas,TULA-BUSTAMANTE,Golfo Norte,3704.0,50.6235134569275,7.114,0.0,0.0,0.30151
28027,Nuevo Laredo,Tamaulipas,BAJO RÍO BRAVO,Río Bravo,425058.0,58.9366825363089,50574.948,0.0,0.15573,8.787210000000002
28028,Nuevo Morelos,Tamaulipas,HUASTECA POTOSINA,Golfo Norte,3810.0,55.7564781407134,8.5,0.0,0.0,19.4485
28030,Padilla,Tamaulipas,VICTORIA-CASAS,Golfo Norte,13618.0,56.4847240106659,26.648,28.762,0.01227,118.50408
28031,Palmillas,Tamaulipas,OCAMPO-ANTIGUO MORELOS,Golfo Norte,1917.0,53.8277164096378,4.914,0.0,0.0,0.98174
28032,Reynosa,Tamaulipas,MÉNDEZ-SAN FERNANDO,Río Bravo,704767.0,58.7743459251207,173548.468,0.773,5.22638,131.96115999999998
28033,Río Bravo,Tamaulipas,MÉNDEZ-SAN FERNANDO,Río Bravo,132484.0,57.6803958872068,7493.086,0.0,88.89591,594.72986
28034,San Carlos,Tamaulipas,MáRGENES DEL RíO PURIFICACIóN,Golfo Norte,7411.0,52.9324701447164,3.019,0.0,0.0,11.3379
28036,San Nicolás,Tamaulipas,JIMÉNEZ-ABASOLO,Golfo Norte,926.0,43.8773408541018,0.0,0.0,0.0,0.03538
28037,Soto la Marina,Tamaulipas,LLERA-XICOTÉNCATL,Golfo Norte,23673.0,55.0740539875972,95.285,128.762,0.02165,98.33875
28038,Tampico,Tamaulipas,TAMPICO-MISANTLA,Golfo Norte,297562.0,60.1111421258806,4946.622,2085.247,37.36025,28.13098
28039,Tula,Tamaulipas,HUASTECA POTOSINA,Golfo Norte,28230.0,53.7081541270041,61.433,0.0,0.0,19.58756
28040,Valle Hermoso,Tamaulipas,MÉNDEZ-SAN FERNANDO,Río Bravo,60055.0,57.5390707114233,7049.035,0.0,3.82551,294.36114000000003
28043,Victoria,Tamaulipas,PALMILLAS-JAUMAVE,Golfo Norte,22229.0,57.3351958155491,957.157,0.8300000000000001,0.0,247.8415
28044,Villagrán,Tamaulipas,HIDALGO-VILLAGRáN,,,,0.0,0.0,0.0,0.0
28061,Ocampo,Tamaulipas,HUASTECA POTOSINA,,,,0.0,0.0,0.0,0.0
28079,San Fernando,Tamaulipas,ALDAMA-SOTO LA MARINA,,,,0.0,0.0,0.0,0.0
29002,Apetatitlán de Antonio Carvajal,Tlaxcala,ALTO ATOYAC,Balsas,16003.0,57.8933208429541,437.586,0.0,0.18211,1.06518
29003,Atlangatepec,Tlaxcala,ALTO ATOYAC,Balsas,7087.0,55.0604290999821,634.929,10.641,1.3696,2.22534
29004,Benito Juárez,Tlaxcala,SOLTEPEC,Balsas,18111.0,54.6331887222251,189.839,0.0,0.0,6.6189100000000005
29005,Apizaco,Tlaxcala,ALTO ATOYAC,Balsas,80725.0,59.4146598346966,14675.669,0.0,4.87507,3.59748
29006,Calpulalpan,Tlaxcala,VALLE DE PUEBLA,Aguas del Valle de México,51172.0,57.817941947762,3334.784,0.0,2.39858,1.7614199999999998
29007,El Carmen Tequexquitla,Tlaxcala,HUAMANTLA,Balsas,17332.0,55.2114599163845,332.398,0.011,0.09734,3.85727
29008,Cuapiaxtla,Tlaxcala,HUAMANTLA,Balsas,16222.0,56.4760247070218,1825.815,0.0,0.0,9.99541
29009,Cuaxomulco,Tlaxcala,ALTO ATOYAC,Balsas,5928.0,56.4619193272822,5.175,0.0,0.0,1.23041
29010,Chiautempan,Tlaxcala,ALTO ATOYAC,Balsas,73215.0,58.2734705798185,1586.35,0.0,0.16036,0.35775
29011,Muñoz de Domingo Arenas,Tlaxcala,ALTO ATOYAC,Balsas,4755.0,56.5438819652774,10.982,0.0,0.0,1.13097
29012,Españita,Tlaxcala,VALLE DE PUEBLA,Balsas,9416.0,55.6413315360806,14.837000000000002,0.0,0.0,0.30618
29013,Huamantla,Tlaxcala,ALTO ATOYAC,Balsas,98764.0,57.0789567173746,12075.924,0.0,1.31046,31.32995
29014,Hueyotlipan,Tlaxcala,ALTO ATOYAC,Balsas,15190.0,56.5719272713802,261.67199999999997,8.105,0.00595,4.980949999999999
29015,Ixtacuixtla de Mariano Matamoros,Tlaxcala,VALLE DE PUEBLA,Balsas,38970.0,56.9170718376537,1902.818,0.406,2.94612,10.39982
29016,Ixtenco,Tlaxcala,HUAMANTLA,Balsas,7504.0,57.5389075263234,55.143,0.0,0.0,0.0
29017,Mazatecochco de José María Morelos,Tlaxcala,ALTO ATOYAC,Balsas,11592.0,56.1788851614457,107.108,0.0,0.01005,0.28094
29018,Contla de Juan Cuamatzi,Tlaxcala,ALTO ATOYAC,Balsas,38579.0,57.3545692915535,1732.0749999999998,0.0,0.00066,0.2893799999999999
29019,Tepetitla de Lardizábal,Tlaxcala,VALLE DE PUEBLA,Balsas,22274.0,57.9384034489893,3433.72,0.0,0.0066,5.113090000000001
29020,Sanctórum de Lázaro Cárdenas,Tlaxcala,VALLE DE PUEBLA,Aguas del Valle de México,9432.0,57.2179634646176,42.367,0.0,0.0,3.80312
29021,Nanacamilpa de Mariano Arista,Tlaxcala,VALLE DE PUEBLA,Aguas del Valle de México,18686.0,57.3313327882354,435.48,0.0,0.0,1.24579
29022,Acuamanala de Miguel Hidalgo,Tlaxcala,ALTO ATOYAC,Balsas,6432.0,56.9665240519108,34.084,0.0,0.14572,0.8023899999999999
29023,Natívitas,Tlaxcala,VALLE DE PUEBLA,Balsas,26309.0,56.1135160939383,156.59500000000003,0.0,0.07672,13.67293
29024,Panotla,Tlaxcala,ALTO ATOYAC,Balsas,28357.0,57.946105462749,46.497,0.184,0.05288,2.33404
29025,San Pablo del Monte,Tlaxcala,VALLE DE PUEBLA,Balsas,82688.0,56.9465889194542,937.013,0.0,0.45107,0.25154
29026,Santa Cruz Tlaxcala,Tlaxcala,ALTO ATOYAC,Balsas,24116.0,58.0929039417132,155.98,0.0,0.18689,2.15527
29028,Teolocholco,Tlaxcala,VALLE DE PUEBLA,Balsas,25257.0,57.3528286386331,9856.1,0.0,0.5344,2.29637
29029,Tepeyanco,Tlaxcala,ALTO ATOYAC,Balsas,13328.0,57.1056071635492,24.276,0.113,0.0,2.99288
29030,Terrenate,Tlaxcala,ALTO ATOYAC,Balsas,15475.0,55.4180584921153,20.238,0.017,0.0,2.40118
29031,Tetla de la Solidaridad,Tlaxcala,ALTO ATOYAC,Balsas,35284.0,58.2600939724683,23865.905,0.07,7.19851,5.0905000000000005
29032,Tetlatlahuca,Tlaxcala,ALTO ATOYAC,Balsas,13561.0,56.9211003907198,220.809,0.0,0.16015,7.81929
29033,Tlaxcala,Tlaxcala,ALTO ATOYAC,Balsas,99896.0,60.1643980330608,4640.0470000000005,0.0,0.56223,5.428389999999999
29034,Tlaxco,Tlaxcala,ALTO ATOYAC,Balsas,45438.0,55.678776494884,1465.284,0.99,0.25277,6.34978
29035,Tocatlán,Tlaxcala,ALTO ATOYAC,Balsas,6294.0,57.7717840463185,23.993,0.0,0.0,0.49705
29036,Totolac,Tlaxcala,ALTO ATOYAC,Balsas,22529.0,58.4627884710793,58.356,0.0,0.0,0.867
29037,Ziltlaltépec de Trinidad Sánchez Santos,Tlaxcala,VALLE DE TECAMACHALCO,Balsas,9207.0,54.3949011272132,1757.586,0.0,0.05291,0.36015
29038,Tzompantepec,Tlaxcala,ALTO ATOYAC,Balsas,18006.0,58.1091210646074,3581.8549999999996,0.0,0.07084,1.28777
29039,Xaloztoc,Tlaxcala,ALTO ATOYAC,Balsas,25607.0,57.1498257498042,2706.206,0.0,6.50402,3.83707
29040,Xaltocan,Tlaxcala,ALTO ATOYAC,Balsas,10601.0,56.1342870559077,11.737,0.187,0.0,0.95456
29041,Papalotla de Xicohténcatl,Tlaxcala,VALLE DE PUEBLA,Balsas,33499.0,58.0867388581702,9300.481,0.0,1.77039,1.80779
29042,Xicohtzinco,Tlaxcala,VALLE DE PUEBLA,Balsas,14197.0,58.963338074148,8348.307,0.186,1.22409,0.61219
29043,Yauhquemehcan,Tlaxcala,ALTO ATOYAC,Balsas,42242.0,58.8116700194908,1850.71,0.0,5.87992,3.90944
29044,Zacatelco,Tlaxcala,VALLE DE PUEBLA,Balsas,45717.0,58.3706059123732,306.10900000000004,0.369,0.02947,8.915280000000001
29048,La Magdalena Tlaltelulco,Tlaxcala,ALTO ATOYAC,Balsas,19036.0,58.7572009774468,3522.4089999999997,0.0,0.62942,0.77441
29049,San Damián Texóloc,Tlaxcala,ALTO ATOYAC,Balsas,5884.0,59.0539727388004,28.592,0.0,0.0,1.58058
29050,San Francisco Tetlanohcan,Tlaxcala,ALTO ATOYAC,Balsas,11761.0,57.6532902226771,41.655,0.0,0.0,0.0
29051,San Jerónimo Zacualpan,Tlaxcala,ALTO ATOYAC,Balsas,4092.0,57.1190160268769,7.085,1.201,0.0,0.68847
29052,San José Teacalco,Tlaxcala,ALTO ATOYAC,Balsas,6436.0,56.8116396393322,21.029,0.0,0.0,0.002
29053,San Juan Huactzinco,Tlaxcala,ALTO ATOYAC,Balsas,7688.0,58.3422032182058,159.356,0.0,0.0,1.1385
29054,San Lorenzo Axocomanitla,Tlaxcala,ALTO ATOYAC,Balsas,5689.0,59.0089591698113,32.472,0.0,0.0,0.3039
29055,San Lucas Tecopilco,Tlaxcala,ALTO ATOYAC,Balsas,3077.0,56.321957131931,17.834,0.006,0.0,1.00473
29056,Santa Ana Nopalucan,Tlaxcala,ALTO ATOYAC,Balsas,7952.0,58.1559235921782,27.016,0.0,0.0,2.64916
29057,Santa Apolonia Teacalco,Tlaxcala,ALTO ATOYAC,Balsas,4636.0,57.0483346134692,10.18,0.0,0.0,3.85261
29058,Santa Catarina Ayometla,Tlaxcala,ALTO ATOYAC,Balsas,9463.0,58.1952827574857,36.053,0.0,0.0,0.51058
29059,Villa de Pozos,Tlaxcala,ALTO ATOYAC,Balsas,7750.0,57.4355558315506,2350.598,0.0,0.0,0.40011
29060,Santa Isabel Xiloxoxtla,Tlaxcala,ALTO ATOYAC,Balsas,5443.0,58.539152389493,2900.785,0.0,1.77594,0.765
29088,Tenancingo,Tlaxcala,VALLE DE PUEBLA,,,,0.0,0.0,0.0,0.0
30003,Acayucan,Veracruz de Ignacio de la Llave,COSTERA DE COATZACOALCOS,Golfo Centro,80815.0,54.971724525608,513.649,0.194,0.45222,4.04614
30004,Benito Juárez,Veracruz de Ignacio de la Llave,ÁLAMO-TUXPAN,Golfo Centro,41742.0,54.9864349287468,30.443,2.248,0.96396,145.86033999999998
30005,Acula,Veracruz de Ignacio de la Llave,LOS NARANJOS,Golfo Centro,5253.0,51.8152532016716,9.171,22.494999999999997,0.0,1.1321199999999998
30006,Acultzingo,Veracruz de Ignacio de la Llave,TUXTEPEC,Golfo Centro,23100.0,51.1589761925847,31.754,0.0,0.0,5.69953
30007,Camarón de Tejeda,Veracruz de Ignacio de la Llave,COTAXTLA,Golfo Centro,6538.0,53.0588371697282,15.979,0.0,0.0,18.67966
30008,Alpatláhuac,Veracruz de Ignacio de la Llave,COTAXTLA,Golfo Centro,10338.0,51.4628808515527,4.485,0.0,0.0,0.0
30009,Alto Lucero de Gutiérrez Barrios,Veracruz de Ignacio de la Llave,VALLE DE ACTOPAN,Golfo Centro,28184.0,54.63709168268,110.237,6.396000000000001,0.08198,1.89883
30010,Altotonga,Veracruz de Ignacio de la Llave,PEROTE-ZALAYETA,Golfo Centro,64234.0,53.0061860988904,706.599,0.0,0.0,3.03444
30011,Alvarado,Veracruz de Ignacio de la Llave,LOS NARANJOS,Golfo Centro,57035.0,57.5604597311725,1559.552,766.6569999999999,4.85937,14.79873
30012,Amatitlán,Veracruz de Ignacio de la Llave,CUENCA RíO PAPALOAPAN,Golfo Centro,7866.0,53.207634967301,4.973,7.978,0.0,5.22968
30013,Naranjos Amatlán,Veracruz de Ignacio de la Llave,TAMPICO-MISANTLA,Golfo Norte,26843.0,56.9675632906693,93.608,0.0,0.0,1.4052600000000002
30014,Amatlán de los Reyes,Veracruz de Ignacio de la Llave,ORIZABA-CORDOBA,Golfo Centro,46955.0,55.483302719256,5746.452,0.0,39.63037,128.16539
30015,Angel R. Cabada,Veracruz de Ignacio de la Llave,SIERRA DE SAN ANDRéS TUXTLA,Golfo Centro,33839.0,53.9098981307141,80.473,15.382,0.0,8.0701
30016,La Antigua,Veracruz de Ignacio de la Llave,COSTERA DE VERACRUZ,Golfo Centro,28682.0,57.8429325470823,2371.523,13.187,4.34614,63.59569
30017,Apazapan,Veracruz de Ignacio de la Llave,COSTERA DE VERACRUZ,Golfo Centro,4709.0,55.6939923923123,3981.242,0.0,1.19884,12.01705
30019,Astacinga,Veracruz de Ignacio de la Llave,TUXTEPEC,Golfo Centro,6909.0,49.1695124632876,2.168,0.0,0.0,0.0
30020,Atlahuilco,Veracruz de Ignacio de la Llave,TUXTEPEC,Golfo Centro,11577.0,48.2813415085533,9.643,0.0,0.0,0.0
30021,Atoyac,Veracruz de Ignacio de la Llave,COTAXTLA,Golfo Centro,23461.0,55.0374615248938,1280.436,0.0,0.33302,66.29462000000001
30022,Atzacan,Veracruz de Ignacio de la Llave,ORIZABA-CORDOBA,Golfo Centro,22651.0,53.1583508504644,32.748,0.0,0.0,0.0
30023,Atzalan,Veracruz de Ignacio de la Llave,PEROTE-ZALAYETA,Golfo Centro,49180.0,51.5812814478897,263.987,0.487,0.0,0.62785
30024,Tlaltetela,Veracruz de Ignacio de la Llave,COSTERA DE VERACRUZ,Golfo Centro,16485.0,53.018026480671,209.728,0.0,0.00314,0.98509
30025,Ayahualulco,Veracruz de Ignacio de la Llave,COSTERA DE VERACRUZ,Golfo Centro,27217.0,49.6222928365234,12.65,0.0,0.0,0.0
30026,Banderilla,Veracruz de Ignacio de la Llave,JALAPA-COATEPEC,Golfo Centro,25993.0,58.3917062825881,238.872,0.0,0.0,0.12852
30028,Boca del Río,Veracruz de Ignacio de la Llave,COTAXTLA,Golfo Centro,144550.0,59.9383548010404,2472.5809999999997,3.612,2.36983,4.37972
30029,Calcahualco,Veracruz de Ignacio de la Llave,ORIZABA-CORDOBA,Golfo Centro,13701.0,50.2982267223291,3.911,0.0,0.0,0.0
30030,Camerino Z. Mendoza,Veracruz de Ignacio de la Llave,TUXTEPEC,Golfo Centro,41835.0,55.9229698962634,241.024,0.0,0.0,0.2579
30031,Carrillo Puerto,Veracruz de Ignacio de la Llave,COTAXTLA,Golfo Centro,18888.0,50.7052031188846,4.057,0.052,0.0,25.48583
30032,Catemaco,Veracruz de Ignacio de la Llave,SOTEAPAN-HUEYAPAN,Golfo Centro,49451.0,54.1313422847645,136.99,44.307,0.21112,4.95249
30033,Cazones de Herrera,Veracruz de Ignacio de la Llave,TECOLUTLA,Golfo Centro,24421.0,51.7466695734049,30.338,8.748999999999999,0.0,0.55212
30034,Cerro Azul,Veracruz de Ignacio de la Llave,ÁLAMO-TUXPAN,Golfo Centro,25011.0,57.3423392974746,51.418,0.0,0.0,0.0
30035,Citlaltépetl,Veracruz de Ignacio de la Llave,ÁLAMO-TUXPAN,Golfo Norte,11165.0,53.1968008395521,23.442,0.0,0.0,0.0
30036,Coacoatzintla,Veracruz de Ignacio de la Llave,VALLE DE ACTOPAN,Golfo Centro,11018.0,54.8633037949111,42.172,0.0,0.0,0.07382
30037,Coahuitlán,Veracruz de Ignacio de la Llave,TECOLUTLA,Golfo Centro,8176.0,49.369583499505,14.77,0.0,0.0,0.0
30038,Coatepec,Veracruz de Ignacio de la Llave,COSTERA DE VERACRUZ,Golfo Centro,93911.0,57.6573520249301,17798.268,3.661,8.89283,24.07576
30039,Coatzacoalcos,Veracruz de Ignacio de la Llave,COSTERA DE COATZACOALCOS,Golfo Centro,310698.0,58.7811576958087,129026.192,149.752,446.55483,120.66247
30040,Coatzintla,Veracruz de Ignacio de la Llave,TECOLUTLA,Golfo Centro,55016.0,57.0567698945525,42.365,0.0,0.0,0.63096
30041,Coetzala,Veracruz de Ignacio de la Llave,ORIZABA-CORDOBA,Golfo Centro,2355.0,47.7451125609964,6.215,0.0,0.0,0.0
30042,Colipa,Veracruz de Ignacio de la Llave,MARTíNEZ DE LA TORRE-NAUTLA,Golfo Centro,5743.0,51.4520140111073,6.2620000000000005,0.0,0.0,0.0
30043,Comapa,Veracruz de Ignacio de la Llave,COSTERA DE VERACRUZ,Golfo Centro,19876.0,50.1457971533641,46.461,0.0,0.0,0.44131
30044,Córdoba,Veracruz de Ignacio de la Llave,ORIZABA-CORDOBA,Golfo Centro,204721.0,57.7341582231041,19284.409,0.0,10.71765,3.23251
30045,Cosamaloapan de Carpio,Veracruz de Ignacio de la Llave,TUXTEPEC,Golfo Centro,54737.0,55.8650223492314,768.933,7.859999999999999,12.82192,62.68507
30046,Cosautlán de Carvajal,Veracruz de Ignacio de la Llave,COSTERA DE VERACRUZ,Golfo Centro,16167.0,52.8314891374496,58.962999999999994,0.0,0.0,0.05226
30047,Coscomatepec,Veracruz de Ignacio de la Llave,ORIZABA-CORDOBA,Golfo Centro,59471.0,52.610975125848,229.101,0.0,0.00273,0.10344
30048,Cosoleacaque,Veracruz de Ignacio de la Llave,COSTERA DE COATZACOALCOS,Golfo Centro,130903.0,56.7042527764036,19633.512,24.525,0.27443,7.951370000000001
30049,Cotaxtla,Veracruz de Ignacio de la Llave,LOS NARANJOS,Golfo Centro,22050.0,53.5498089396363,1148.571,0.0,1.81141,65.47224
30050,Coxquihui,Veracruz de Ignacio de la Llave,TECOLUTLA,Golfo Centro,16333.0,47.0940515356414,22.015,0.0,0.0,0.23773
30051,Coyutla,Veracruz de Ignacio de la Llave,TECOLUTLA,Golfo Centro,23096.0,50.9503067372707,79.988,0.0,0.0,0.29531
30052,Cuichapa,Veracruz de Ignacio de la Llave,OMEALCA-HUIXCOLOTLA,Golfo Centro,11869.0,54.506740144576,3122.2200000000003,0.0,7.3761,22.42054
30053,Cuitláhuac,Veracruz de Ignacio de la Llave,LOS NARANJOS,Golfo Centro,28075.0,56.0612989906812,1341.2430000000002,10.349,16.00483,49.58146
30054,Chacaltianguis,Veracruz de Ignacio de la Llave,TUXTEPEC,Golfo Centro,11461.0,53.8543274927286,13.325,8.196,0.1411,5.576890000000001
30055,Chalma,Veracruz de Ignacio de la Llave,TAMPICO-MISANTLA,Golfo Norte,13527.0,50.6519470361844,6.072,0.0,0.0,1.33934
30056,Chiconamel,Veracruz de Ignacio de la Llave,TAMPICO-MISANTLA,Golfo Norte,6610.0,50.3500132998861,4.327,0.0,0.0,0.2104
30057,Chiconquiaco,Veracruz de Ignacio de la Llave,VALLE DE ACTOPAN,Golfo Centro,13881.0,51.0061671657417,7.746,0.0,0.0,0.0
30058,Chicontepec,Veracruz de Ignacio de la Llave,ÁLAMO-TUXPAN,Golfo Norte,53858.0,52.0779826471611,22.842,0.0,0.0,0.79451
30059,Chinameca,Veracruz de Ignacio de la Llave,COSTERA DE COATZACOALCOS,Golfo Centro,22638.0,54.1765347564981,7289.862,0.0,128.26146,28.94487
30060,Chinampa de Gorostiza,Veracruz de Ignacio de la Llave,TAMPICO-MISANTLA,Golfo Norte,16283.0,52.1024064864253,46.772,0.0,0.0,0.45269
30061,Las Choapas,Veracruz de Ignacio de la Llave,CINTALAPA,Golfo Centro,81080.0,52.4686953830419,172.814,10.474,103.37835,5.63323
30062,Chocamán,Veracruz de Ignacio de la Llave,ORIZABA-CORDOBA,Golfo Centro,20839.0,53.8800907158998,76.21300000000001,5.085,0.0,0.08114
30063,Chontla,Veracruz de Ignacio de la Llave,ÁLAMO-TUXPAN,Golfo Norte,13359.0,52.2970294198516,24.881,0.0,0.0,0.61523
30064,Chumatlán,Veracruz de Ignacio de la Llave,TECOLUTLA,Golfo Centro,4008.0,45.9446827556425,3.772,0.0,0.0,0.0
30066,Espinal,Veracruz de Ignacio de la Llave,TECOLUTLA,Golfo Centro,26830.0,50.9405757282137,22.765,0.0,0.0,1.7898
30067,Filomeno Mata,Veracruz de Ignacio de la Llave,TECOLUTLA,Golfo Centro,19179.0,48.854444037164,17.098,0.0,0.0,0.00511
30068,Fortín,Veracruz de Ignacio de la Llave,ORIZABA-CORDOBA,Golfo Centro,66372.0,57.6026104299342,1815.716,0.0,9.21928,1.02523
30069,Gutiérrez Zamora,Veracruz de Ignacio de la Llave,TECOLUTLA,Golfo Centro,24085.0,54.8675235247525,59.565000000000005,10.887,0.0,1.89115
30070,Hidalgotitlán,Veracruz de Ignacio de la Llave,COSTERA DE COATZACOALCOS,Golfo Centro,18275.0,49.701965680115,16.521,7.1419999999999995,0.0,0.0
30071,Huatusco,Veracruz de Ignacio de la Llave,COTAXTLA,Golfo Centro,59920.0,54.8656146485489,1058.7,0.005,0.1787,0.21606
30072,Huayacocotla,Veracruz de Ignacio de la Llave,ÁLAMO-TUXPAN,Golfo Centro,21796.0,52.3385952700858,25.236,0.0,0.0009,0.20325
30073,Hueyapan de Ocampo,Veracruz de Ignacio de la Llave,CUENCA RíO PAPALOAPAN,Golfo Centro,41670.0,52.4786068366963,690.276,4.606,5.23128,38.75797
30074,Huiloapan de Cuauhtémoc,Veracruz de Ignacio de la Llave,TUXTEPEC,Golfo Centro,7293.0,55.6190103332648,1373.45,0.0,0.53715,2.86564
30075,Ignacio de la Llave,Veracruz de Ignacio de la Llave,LOS NARANJOS,Golfo Centro,16525.0,51.6037242117298,27.525,31.999,0.0,3.63242
30076,Ilamatlán,Veracruz de Ignacio de la Llave,TAMPICO-MISANTLA,Golfo Norte,13377.0,45.6066667983378,0.569,0.0,0.0,0.0
30077,Isla,Veracruz de Ignacio de la Llave,CUENCA RíO PAPALOAPAN,Golfo Centro,42807.0,55.0426045386878,426.276,2.4219999999999997,0.27386,27.26073
30078,Ixcatepec,Veracruz de Ignacio de la Llave,TAMPICO-MISANTLA,Golfo Norte,12379.0,50.8736037088946,30.763,0.0,0.0,0.03
30079,Ixhuacán de los Reyes,Veracruz de Ignacio de la Llave,COSTERA DE VERACRUZ,Golfo Centro,11387.0,52.1614453649608,11.027,0.04,0.0,0.92019
30080,Ixhuatlán del Café,Veracruz de Ignacio de la Llave,COTAXTLA,Golfo Centro,23132.0,53.3038972974176,57.509,7.395,0.05614,0.1196599999999999
30081,Ixhuatlancillo,Veracruz de Ignacio de la Llave,TUXTEPEC,Golfo Centro,27295.0,55.2327739456133,32.418,0.0,0.0,0.0
30082,Ixhuatlán del Sureste,Veracruz de Ignacio de la Llave,COSTERA DE COATZACOALCOS,Golfo Centro,15831.0,55.0801602038577,2101.612,2.9099999999999997,6.23226,16.2973
30083,Ixhuatlán de Madero,Veracruz de Ignacio de la Llave,ÁLAMO-TUXPAN,Golfo Centro,50836.0,49.8763796571413,18.707,0.0,0.0,2.96104
30084,Ixmatlahuacan,Veracruz de Ignacio de la Llave,CUENCA RíO PAPALOAPAN,Golfo Centro,5574.0,52.8517744294471,5.908,8.875,0.0,6.65736
30085,Ixtaczoquitlán,Veracruz de Ignacio de la Llave,ORIZABA-CORDOBA,Golfo Centro,74004.0,56.7286961183117,54492.567,0.0,126.36708,175.90989000000002
30086,Jalacingo,Veracruz de Ignacio de la Llave,LIBRES-ORIENTAL,Golfo Centro,46794.0,53.2018909695543,791.96,0.0,0.08752,31.37112
30087,Xalapa,Veracruz de Ignacio de la Llave,JALAPA-COATEPEC,Golfo Centro,488531.0,59.3088345677776,3321.858,0.0,0.07032,3.81744
30088,Jalcomulco,Veracruz de Ignacio de la Llave,COSTERA DE VERACRUZ,Golfo Centro,5054.0,54.0916139014928,11.78,0.0,0.0201,0.06321
30089,Jáltipan,Veracruz de Ignacio de la Llave,COSTERA DE COATZACOALCOS,Golfo Centro,38669.0,55.3151513893265,1094.605,23.673,6.83469,3.95499
30090,Jamapa,Veracruz de Ignacio de la Llave,COTAXTLA,Golfo Centro,11132.0,54.414318076506,17.487000000000002,0.0,0.0,6.426229999999999
30091,Jesús Carranza,Veracruz de Ignacio de la Llave,COATZACOALCOS,Golfo Centro,28524.0,51.9686438347193,372.81,12.853,0.0,0.24648
30092,Xico,Veracruz de Ignacio de la Llave,COSTERA DE VERACRUZ,Golfo Centro,39623.0,55.3059300335625,155.209,-61.439,0.01133,56.64774
30093,Jilotepec,Veracruz de Ignacio de la Llave,JALAPA-COATEPEC,Golfo Centro,16585.0,54.7423856465128,34.199999999999996,0.0,0.00365,0.55686
30094,Juan Rodríguez Clara,Veracruz de Ignacio de la Llave,CUENCA RíO PAPALOAPAN,Golfo Centro,38367.0,54.1922829836486,122.951,8.383000000000001,0.0,24.145059999999997
30095,Juchique de Ferrer,Veracruz de Ignacio de la Llave,VALLE DE ACTOPAN,Golfo Centro,15059.0,52.4703154762172,22.666,0.22,0.0,0.16557
30096,Landero Y Coss,Veracruz de Ignacio de la Llave,VALLE DE ACTOPAN,Golfo Centro,1543.0,54.5534728512334,1.234,0.0,0.0,0.0307
30097,Lerdo de Tejada,Veracruz de Ignacio de la Llave,COSTERA DEL PAPALOAPAN,Golfo Centro,19123.0,57.5679064681771,1565.807,9.208,6.51546,23.56462
30098,Tuxpan,Veracruz de Ignacio de la Llave,POZA RICA,Golfo Centro,3299.0,52.113689590025,2.251,0.0,0.0,0.0
30099,Maltrata,Veracruz de Ignacio de la Llave,TUXTEPEC,Golfo Centro,18327.0,52.9447096841093,67.162,0.0,0.5703,0.89564
30100,Manlio Fabio Altamirano,Veracruz de Ignacio de la Llave,COTAXTLA,Golfo Centro,23918.0,55.4008844742762,534.0640000000001,0.0,0.79072,66.37748
30101,Mariano Escobedo,Veracruz de Ignacio de la Llave,ORIZABA-CORDOBA,Golfo Centro,38670.0,54.7713917159327,22.759,0.0,42.86163,7.59912
30102,Martínez de la Torre,Veracruz de Ignacio de la Llave,MARTíNEZ DE LA TORRE-NAUTLA,Golfo Centro,108842.0,55.9617321865995,1608.293,57.163,1.44188,24.764100000000003
30103,Mecatlán,Veracruz de Ignacio de la Llave,TECOLUTLA,Golfo Centro,12799.0,47.8548694497225,11.887,0.0,0.0,0.00015
30104,Mecayapan,Veracruz de Ignacio de la Llave,SOTEAPAN-HUEYAPAN,Golfo Centro,17134.0,50.6920219308418,14.41,2.6260000000000003,0.0,1.13554
30105,Medellín de Bravo,Veracruz de Ignacio de la Llave,LOS NARANJOS,Golfo Centro,95202.0,58.2767616777666,2034.694,4.821,9.57532,182.17256
30106,Miahuatlán,Veracruz de Ignacio de la Llave,VALLE DE ACTOPAN,Golfo Centro,4841.0,53.8320773126539,127.279,0.0,0.0,0.00274
30107,Las Minas,Veracruz de Ignacio de la Llave,PEROTE-ZALAYETA,Golfo Centro,2934.0,51.3990081406163,0.0,0.0,0.0,0.0
30109,Misantla,Veracruz de Ignacio de la Llave,MARTíNEZ DE LA TORRE-NAUTLA,Golfo Centro,65761.0,55.4429269646991,219.083,1.637,0.01676,0.98702
30110,Mixtla de Altamirano,Veracruz de Ignacio de la Llave,TUXTEPEC,Golfo Centro,12125.0,40.8998289988401,1.404,0.0,0.0,0.00041
30111,Moloacán,Veracruz de Ignacio de la Llave,COSTERA DE COATZACOALCOS,Golfo Centro,16493.0,55.0405481384462,31.122,0.0,2.82032,1.26274
30112,Naolinco,Veracruz de Ignacio de la Llave,JALAPA-COATEPEC,Golfo Centro,22835.0,55.6844298970968,291.794,0.0,0.17094,1.6904400000000002
30113,Naranjal,Veracruz de Ignacio de la Llave,ORIZABA-CORDOBA,Golfo Centro,4614.0,52.2020067211402,12.084,0.0,0.03426,0.00307
30114,Nautla,Veracruz de Ignacio de la Llave,MARTíNEZ DE LA TORRE-NAUTLA,Golfo Centro,10130.0,54.2916732554398,14.29,4.323,0.00153,1.74993
30115,Nogales,Veracruz de Ignacio de la Llave,TUXTEPEC,Golfo Centro,37314.0,55.8553561974928,325.777,0.0,0.41839,8.06113
30116,Oluta,Veracruz de Ignacio de la Llave,COSTERA DE COATZACOALCOS,Golfo Centro,17027.0,54.8078088604078,71.978,0.0,0.0,0.12893
30117,Omealca,Veracruz de Ignacio de la Llave,TUXTEPEC,Golfo Centro,23773.0,52.8240846655804,31.736,0.0,0.10811,46.82629
30118,Orizaba,Veracruz de Ignacio de la Llave,ORIZABA-CORDOBA,Golfo Centro,123182.0,59.5446692320251,33636.263,0.0,8.00497,22.72153
30119,Otatitlán,Veracruz de Ignacio de la Llave,TUXTEPEC,Golfo Centro,5651.0,55.546500754102,41.195,0.099,0.0,3.22568
30120,Oteapan,Veracruz de Ignacio de la Llave,COSTERA DE COATZACOALCOS,Golfo Centro,10343.0,54.9002382535644,65.841,0.0,0.0,0.0
30121,Ozuluama de Mascareñas,Veracruz de Ignacio de la Llave,TAMPICO-MISANTLA,Golfo Norte,22756.0,50.49407222158,293.154,261.46,0.0,23.25715
30122,Pajapan,Veracruz de Ignacio de la Llave,COSTERA DE COATZACOALCOS,Golfo Centro,18051.0,51.4271254568614,62.412000000000006,32.353,0.0,3.50027
30123,Pánuco,Veracruz de Ignacio de la Llave,TAMPICO-MISANTLA,Golfo Norte,96185.0,55.8940667697526,12029.744,156.179,18.55223,446.65472
30124,Papantla,Veracruz de Ignacio de la Llave,MARTíNEZ DE LA TORRE-NAUTLA,Golfo Centro,159910.0,51.8642083061676,264.147,2.27,0.00409,12.75686
30125,Paso del Macho,Veracruz de Ignacio de la Llave,COTAXTLA,Golfo Centro,31894.0,53.7917728709119,2114.397,0.0,4.32146,74.65374
30126,Paso de Ovejas,Veracruz de Ignacio de la Llave,COSTERA DE VERACRUZ,Golfo Centro,33442.0,55.6369047560395,29.997,11.144,0.05987,55.39542
30127,La Perla,Veracruz de Ignacio de la Llave,ORIZABA-CORDOBA,Golfo Centro,28258.0,48.7844945403974,17.78,0.0,0.0,0.0
30128,Perote,Veracruz de Ignacio de la Llave,COSTERA DE VERACRUZ,Golfo Centro,77432.0,56.1143746702857,3173.829,0.0,0.74653,27.262220000000003
30129,Platón Sánchez,Veracruz de Ignacio de la Llave,TAMPICO-MISANTLA,Golfo Norte,18053.0,52.6280506313362,39.59,0.027,0.0,12.2831
30130,Playa Vicente,Veracruz de Ignacio de la Llave,TUXTEPEC,Golfo Centro,39327.0,52.6700034380511,129.16,7.646,0.0,4.2451300000000005
30131,Poza Rica de Hidalgo,Veracruz de Ignacio de la Llave,TECOLUTLA,Golfo Centro,189457.0,58.1970083813724,5148.518,0.0,12.94125,25.94112
30132,Las Vigas de Ramírez,Veracruz de Ignacio de la Llave,JALAPA-COATEPEC,Golfo Centro,20300.0,53.8867242923627,122.242,0.0,0.17548,0.1605899999999999
30133,Pueblo Viejo,Veracruz de Ignacio de la Llave,TAMPICO-MISANTLA,Golfo Norte,57909.0,56.0071821284793,1054.772,197.061,0.00771,9.72853
30134,Puente Nacional,Veracruz de Ignacio de la Llave,COSTERA DE VERACRUZ,Golfo Centro,23544.0,55.6769702812887,299.993,0.398,0.03542,106.3853
30135,Rafael Delgado,Veracruz de Ignacio de la Llave,TUXTEPEC,Golfo Centro,24127.0,54.3375751932456,76.94500000000001,0.0,1.06992,0.2957
30136,Rafael Lucio,Veracruz de Ignacio de la Llave,JALAPA-COATEPEC,Golfo Centro,8343.0,54.8417842803423,10.72,0.0,0.0,0.02261
30137,Los Reyes,Veracruz de Ignacio de la Llave,TUXTEPEC,Golfo Centro,6308.0,48.2762994969318,0.0,0.0,0.0,0.0
30138,Río Blanco,Veracruz de Ignacio de la Llave,TUXTEPEC,Golfo Centro,41795.0,59.1281255009264,131.93,0.0,0.00789,171.92749
30139,Saltabarranca,Veracruz de Ignacio de la Llave,SIERRA DE SAN ANDRéS TUXTLA,Golfo Centro,6126.0,53.2000657144525,1.937,7.653,0.0,2.90744
30140,San Andrés Tenejapan,Veracruz de Ignacio de la Llave,ORIZABA-CORDOBA,Golfo Centro,3134.0,50.2183598523816,2.191,0.0,0.0,0.0
30141,San Andrés Tuxtla,Veracruz de Ignacio de la Llave,CUENCA RíO PAPALOAPAN,Golfo Centro,162428.0,53.7020786815932,701.139,46.069,0.12907,13.83782
30142,San Juan Evangelista,Veracruz de Ignacio de la Llave,COATZACOALCOS,Golfo Centro,32631.0,52.6996858258936,65.753,4.443,13.67169,6.03795
30143,Santiago Tuxtla,Veracruz de Ignacio de la Llave,CUENCA RíO PAPALOAPAN,Golfo Centro,57085.0,52.7185044833461,64.857,2.787,0.04902,1.14342
30144,Sayula de Alemán,Veracruz de Ignacio de la Llave,COSTERA DE COATZACOALCOS,Golfo Centro,32400.0,52.7892231222939,123.76,0.0,0.14903,0.06962
30145,Soconusco,Veracruz de Ignacio de la Llave,COSTERA DE COATZACOALCOS,Golfo Centro,16574.0,54.9899881140144,19.614,0.0,0.0,2.27055
30146,Sochiapa,Veracruz de Ignacio de la Llave,COSTERA DE VERACRUZ,Golfo Centro,3925.0,53.6295802826039,2.855,0.0,0.0,0.00385
30147,Soledad Atzompa,Veracruz de Ignacio de la Llave,TUXTEPEC,Golfo Centro,24578.0,47.7079011686475,31.261,0.0,0.0,0.0
30148,Soledad de Doblado,Veracruz de Ignacio de la Llave,COTAXTLA,Golfo Centro,28130.0,55.2507396629776,109.671,0.0,0.0,23.3205
30149,Soteapan,Veracruz de Ignacio de la Llave,SOTEAPAN-HUEYAPAN,Golfo Centro,34385.0,48.4459059100172,17.224,0.0,0.0,0.32203
30150,Tamalín,Veracruz de Ignacio de la Llave,TAMPICO-MISANTLA,Golfo Norte,11631.0,53.1691224482705,123.992,46.179,0.0,0.0
30151,Tamiahua,Veracruz de Ignacio de la Llave,TAMPICO-MISANTLA,Golfo Norte,21902.0,50.7005752486546,21.658,262.491,0.0,0.26148
30152,Tampico Alto,Veracruz de Ignacio de la Llave,TAMPICO-MISANTLA,Golfo Norte,11561.0,51.7374201211856,24.974,132.595,0.0,3.96343
30153,Tancoco,Veracruz de Ignacio de la Llave,ÁLAMO-TUXPAN,Golfo Norte,5795.0,53.3830038144498,5.25,0.0,0.0,0.0
30154,Tantima,Veracruz de Ignacio de la Llave,TAMPICO-MISANTLA,Golfo Norte,11991.0,52.1125407426388,23.071,0.201,0.0,0.85971
30155,Tantoyuca,Veracruz de Ignacio de la Llave,TAMPICO-MISANTLA,Golfo Norte,99959.0,48.3527873628133,161.269,0.0,0.0,7.82682
30156,Tatatila,Veracruz de Ignacio de la Llave,VALLE DE ACTOPAN,Golfo Centro,6041.0,51.5486067297685,3.448,0.0,0.0,0.0
30157,Castillo de Teayo,Veracruz de Ignacio de la Llave,POZA RICA,Golfo Centro,20145.0,48.6788338046811,27.221,0.0,0.0,0.03161
30158,Tecolutla,Veracruz de Ignacio de la Llave,MARTíNEZ DE LA TORRE-NAUTLA,Golfo Centro,24551.0,52.3361651893187,28.191,45.357,0.05983,0.74956
30159,Tehuipango,Veracruz de Ignacio de la Llave,TUXTEPEC,Golfo Centro,29686.0,41.7826042040739,6.623,0.0,0.0,0.0
30160,Álamo Temapache,Veracruz de Ignacio de la Llave,ÁLAMO-TUXPAN,Golfo Centro,107270.0,53.4754164455517,1918.092,13.388,0.23068,15.24027
30161,Tempoal,Veracruz de Ignacio de la Llave,TAMPICO-MISANTLA,Golfo Norte,34408.0,51.8961726927213,182.289,0.225,0.0,80.79956
30162,Tenampa,Veracruz de Ignacio de la Llave,COSTERA DE VERACRUZ,Golfo Centro,6448.0,50.2762036032996,2.6879999999999997,0.0,0.0,0.00423
30163,Tenochtitlán,Veracruz de Ignacio de la Llave,MARTíNEZ DE LA TORRE-NAUTLA,Golfo Centro,5040.0,52.0366369006151,3.0789999999999997,0.0,0.0,0.00022
30164,Teocelo,Veracruz de Ignacio de la Llave,COSTERA DE VERACRUZ,Golfo Centro,16957.0,56.1153983050551,53.501,0.0,0.01391,0.15455
30165,Tepatlaxco,Veracruz de Ignacio de la Llave,COTAXTLA,Golfo Centro,8925.0,47.8033673396414,11.734,0.0,0.0,0.04494
30166,Tepetlán,Veracruz de Ignacio de la Llave,VALLE DE ACTOPAN,Golfo Centro,9405.0,52.6832101379783,8.541,0.0,0.0,6.33921
30167,Tepetzintla,Veracruz de Ignacio de la Llave,ÁLAMO-TUXPAN,Golfo Centro,14619.0,53.6498530722075,22.614,0.0,0.0,0.2197
30168,Tequila,Veracruz de Ignacio de la Llave,ORIZABA-CORDOBA,Golfo Centro,16343.0,47.1039218402517,8.776,0.0,0.0,0.0
30169,José Azueta,Veracruz de Ignacio de la Llave,TUXTEPEC,Golfo Centro,22709.0,52.5117591280733,602.9190000000001,2.975,0.00662,8.221499999999999
30170,Texcatepec,Veracruz de Ignacio de la Llave,ÁLAMO-TUXPAN,Golfo Centro,10824.0,46.2967654177397,1.645,0.0,0.0,0.0
30171,Texhuacán,Veracruz de Ignacio de la Llave,TUXTEPEC,Golfo Centro,5575.0,50.0187751738277,6.841,0.0,0.0,0.0
30172,Texistepec,Veracruz de Ignacio de la Llave,COSTERA DE COATZACOALCOS,Golfo Centro,19925.0,50.8699241154645,43.12,1.488,0.0,0.17876
30173,Tezonapa,Veracruz de Ignacio de la Llave,TUXTEPEC,Golfo Centro,54537.0,48.6364470246558,3429.281,0.007,14.76459,7.811800000000001
30175,Tihuatlán,Veracruz de Ignacio de la Llave,POZA RICA,Golfo Centro,92726.0,53.1694221476492,276.594,0.0,5.35889,3.2202800000000003
30176,Tlacojalpan,Veracruz de Ignacio de la Llave,TUXTEPEC,Golfo Centro,4489.0,52.903681218288,10.789,0.0,0.0,2.81641
30177,Tlacolulan,Veracruz de Ignacio de la Llave,VALLE DE ACTOPAN,Golfo Centro,11685.0,52.1026897541718,10.648,0.0,0.0,0.01261
30178,Tlacotalpan,Veracruz de Ignacio de la Llave,CUENCA RíO PAPALOAPAN,Golfo Centro,12898.0,54.5505881805022,87.457,70.77,0.0,7.37664
30179,Tlacotepec de Mejía,Veracruz de Ignacio de la Llave,COSTERA DE VERACRUZ,Golfo Centro,4284.0,54.0605852526015,33.009,0.0,0.0,0.2436499999999999
30180,Tlachichilco,Veracruz de Ignacio de la Llave,ÁLAMO-TUXPAN,Golfo Centro,10900.0,48.1120254634698,6.7299999999999995,0.0,0.0,0.00037
30181,Tlalixcoyan,Veracruz de Ignacio de la Llave,LOS NARANJOS,Golfo Centro,37795.0,54.0408778972904,95.344,30.716,0.00493,311.97591
30182,Tlalnelhuayocan,Veracruz de Ignacio de la Llave,JALAPA-COATEPEC,Golfo Centro,19664.0,55.5016247757763,18.732,5.43,0.6452,0.78209
30183,Tlapacoyan,Veracruz de Ignacio de la Llave,MARTíNEZ DE LA TORRE-NAUTLA,Golfo Centro,61377.0,55.2632775896954,176.598,3.334,0.0,4.16851
30184,Tlaquilpa,Veracruz de Ignacio de la Llave,TUXTEPEC,Golfo Centro,7933.0,49.3751418055862,2.724,0.0,0.0,0.12614
30185,Tlilapan,Veracruz de Ignacio de la Llave,ORIZABA-CORDOBA,Golfo Centro,5548.0,52.6663387561566,11.635,0.0,0.0,25.24908
30186,Tomatlán,Veracruz de Ignacio de la Llave,ORIZABA-CORDOBA,Golfo Centro,7197.0,54.9961271865583,28.376,0.0,0.0,0.096
30187,Tonayán,Veracruz de Ignacio de la Llave,VALLE DE ACTOPAN,Golfo Centro,6105.0,52.3907169934593,3.488,0.0,0.0,0.0
30188,Totutla,Veracruz de Ignacio de la Llave,COSTERA DE VERACRUZ,Golfo Centro,17217.0,52.96441307016,24.433999999999997,0.0,0.0,0.10136
30190,Tuxtilla,Veracruz de Ignacio de la Llave,TUXTEPEC,Golfo Centro,2258.0,53.4232356540971,4.78,1.396,0.0,0.02076
30191,Ursulo Galván,Veracruz de Ignacio de la Llave,VALLE DE ACTOPAN,Golfo Centro,30097.0,57.7183789417571,2961.2290000000003,40.838,5.62622,216.59038
30192,Vega de Alatorre,Veracruz de Ignacio de la Llave,MARTíNEZ DE LA TORRE-NAUTLA,Golfo Centro,20204.0,55.8690284800342,183.419,43.7,0.00137,2.70305
30193,Veracruz,Veracruz de Ignacio de la Llave,COSTERA DE VERACRUZ,Golfo Centro,607209.0,59.273734510766,83248.539,17.113,83.90136,79.99022
30194,Villa Aldama,Veracruz de Ignacio de la Llave,PEROTE-ZALAYETA,Golfo Centro,12492.0,53.0742946419513,156.408,0.0,0.0,0.74073
30195,Xoxocotla,Veracruz de Ignacio de la Llave,TUXTEPEC,Golfo Centro,5900.0,48.1558708745428,18.705,0.0,0.0,0.0
30196,Yanga,Veracruz de Ignacio de la Llave,OMEALCA-HUIXCOLOTLA,Golfo Centro,17902.0,55.2821233334062,39.623,0.0,0.01869,2.9502499999999996
30197,Yecuatla,Veracruz de Ignacio de la Llave,MARTíNEZ DE LA TORRE-NAUTLA,Golfo Centro,11205.0,52.7375604419443,13.924,0.0,0.0,1.02126
30198,Zacualpan,Veracruz de Ignacio de la Llave,ÁLAMO-TUXPAN,Golfo Centro,6788.0,48.9017604313953,5.006,0.0,0.0,0.0
30200,Zentla,Veracruz de Ignacio de la Llave,COTAXTLA,Golfo Centro,12581.0,54.1251349689615,17.908,0.0,0.0,1.45004
30201,Zongolica,Veracruz de Ignacio de la Llave,TUXTEPEC,Golfo Centro,45028.0,48.799211329358,56.394000000000005,0.0,0.0,0.08454
30202,Zontecomatlán de López Y Fuentes,Veracruz de Ignacio de la Llave,ÁLAMO-TUXPAN,Golfo Norte,14644.0,47.0184151832003,3.769,0.0,0.0,3.22454
30203,Zozocolco de Hidalgo,Veracruz de Ignacio de la Llave,TECOLUTLA,Golfo Centro,14524.0,46.5392743680699,26.173,0.0,0.0,0.0
30204,Agua Dulce,Veracruz de Ignacio de la Llave,HUIMANGUILLO,Golfo Centro,44104.0,56.4553040260628,96.29,88.082,0.1345,1.94838
30205,El Higo,Veracruz de Ignacio de la Llave,TAMPICO-MISANTLA,Golfo Norte,19402.0,55.9630391153659,2641.173,0.0,5.97424,112.55526
30206,Nanchital de Lázaro Cárdenas del Río,Veracruz de Ignacio de la Llave,COSTERA DE COATZACOALCOS,Golfo Centro,29209.0,58.7087524845057,612.741,1.4460000000000002,84.22957,20.31474
30207,Tres Valles,Veracruz de Ignacio de la Llave,TUXTEPEC,Golfo Centro,44978.0,53.92190547191,5647.2789999999995,0.764,103.17387,70.62376
30208,Carlos A. Carrillo,Veracruz de Ignacio de la Llave,CUENCA RíO PAPALOAPAN,Golfo Centro,23376.0,56.466983669733,4293.843,4.604,44.25069,69.17766999999999
30209,Tatahuicapan de Juárez,Veracruz de Ignacio de la Llave,SOTEAPAN-HUEYAPAN,Golfo Centro,15044.0,51.5277834268462,37.065,1.037,0.0,0.0
30210,Uxpanapa,Veracruz de Ignacio de la Llave,COATZACOALCOS,Golfo Centro,30891.0,51.3426000802611,13.508,0.0,0.0,0.0
30211,San Rafael,Veracruz de Ignacio de la Llave,MARTíNEZ DE LA TORRE-NAUTLA,Golfo Centro,30351.0,55.4182661230762,2417.214,6.349,0.0,2.97753
30212,Santiago Sochiapan,Veracruz de Ignacio de la Llave,TUXTEPEC,Golfo Centro,13062.0,49.9173360273285,11.013,0.0,0.0,0.0
31002,Acanceh,Yucatán,PENÍNSULA DE YUCATÁN,Península de Yucatán,16772.0,55.083317191263,1228.826,0.0,3.47896,14.35619
31003,Akil,Yucatán,PENÍNSULA DE YUCATÁN,Península de Yucatán,12285.0,53.8228606441541,113.587,7.946,0.0,42.42798
31004,Baca,Yucatán,PENÍNSULA DE YUCATÁN,Península de Yucatán,6195.0,55.0269348194927,1466.833,0.0,0.08965,14.1563
31005,Bokobá,Yucatán,PENÍNSULA DE YUCATÁN,Península de Yucatán,2167.0,54.383083000654,5.743,0.0,0.0,2.04391
31006,Buctzotz,Yucatán,PENÍNSULA DE YUCATÁN,Península de Yucatán,9159.0,54.1461302464,43.786,0.0,3e-05,75.52831
31007,Cacalchén,Yucatán,PENÍNSULA DE YUCATÁN,Península de Yucatán,7490.0,56.2566657520727,48.947,0.0,0.00201,9.33044
31008,Calotmul,Yucatán,PENÍNSULA DE YUCATÁN,Península de Yucatán,3949.0,52.1191022224473,9.118,0.0,0.0,22.99753
31009,Cansahcab,Yucatán,PENÍNSULA DE YUCATÁN,Península de Yucatán,4466.0,53.7285104726297,17.201,0.0,0.0,10.05639
31010,Cantamayec,Yucatán,PENÍNSULA DE YUCATÁN,Península de Yucatán,2755.0,49.0618522491806,18.648,0.0,0.0,6.45586
31011,Celestún,Yucatán,PENÍNSULA DE YUCATÁN,Península de Yucatán,8389.0,55.2011694096428,263.354,1249.329,0.0,1.40184
31012,Cenotillo,Yucatán,PENÍNSULA DE YUCATÁN,Península de Yucatán,3736.0,53.7340024023425,21.507,0.0,0.0,28.61795
31013,Conkal,Yucatán,PENÍNSULA DE YUCATÁN,Península de Yucatán,16671.0,58.8830841950992,280.91499999999996,0.0,0.35645,12.69622
31014,Cuncunul,Yucatán,PENÍNSULA DE YUCATÁN,Península de Yucatán,1714.0,52.6031192064331,5.1690000000000005,0.0,0.0,1.10418
31015,Cuzamá,Yucatán,PENÍNSULA DE YUCATÁN,Península de Yucatán,5560.0,51.7112428233544,13.172,0.0,0.0,3.15273
31016,Chacsinkín,Yucatán,PENÍNSULA DE YUCATÁN,Península de Yucatán,3104.0,52.3038560460195,46.813,0.0,0.0,1.7813
31017,Chankom,Yucatán,PENÍNSULA DE YUCATÁN,Península de Yucatán,4686.0,49.8884484015607,12.369,0.0,0.0,1.06637
31018,Chapab,Yucatán,PENÍNSULA DE YUCATÁN,Península de Yucatán,3385.0,52.5760722796216,12.978,0.0,0.0,4.93175
31019,Chemax,Yucatán,PENÍNSULA DE YUCATÁN,Península de Yucatán,38934.0,48.7793371874385,75.43900000000001,0.0,0.0,11.95367
31020,Chicxulub Pueblo,Yucatán,PENÍNSULA DE YUCATÁN,Península de Yucatán,4497.0,55.6889639392364,47.257,0.0,0.00431,6.19974
31021,Chichimilá,Yucatán,PENÍNSULA DE YUCATÁN,Península de Yucatán,9406.0,50.1713292322921,17.403,0.0,0.0,3.43287
31022,Chikindzonot,Yucatán,CERROS Y VALLES,Península de Yucatán,4363.0,49.0889458378362,32.815999999999995,0.0,0.0,0.43987
31023,Chocholá,Yucatán,PENÍNSULA DE YUCATÁN,Península de Yucatán,4863.0,54.8270678530427,27.888,0.0,0.20343,8.1747
31024,Chumayel,Yucatán,PENÍNSULA DE YUCATÁN,Península de Yucatán,3244.0,51.2264456097306,61.497,0.0,0.0,1.26273
31025,Dzan,Yucatán,PENÍNSULA DE YUCATÁN,Península de Yucatán,6003.0,54.9583229625714,35.197,0.0,0.0,27.31393
31026,Dzemul,Yucatán,PENÍNSULA DE YUCATÁN,Península de Yucatán,3622.0,55.0888696794745,30.776,0.0,0.03575,7.97466
31027,Dzidzantún,Yucatán,PENÍNSULA DE YUCATÁN,Península de Yucatán,8345.0,56.7109714416638,43.08,9.954,0.0,17.84134
31028,Dzilam de Bravo,Yucatán,PENÍNSULA DE YUCATÁN,Península de Yucatán,2936.0,54.9039494576125,61.026,549.0939999999999,0.00079,4.26703
31029,Dzilam González,Yucatán,PENÍNSULA DE YUCATÁN,Península de Yucatán,6240.0,55.4621829769392,18.883,2.279,0.0,27.56794
31030,Dzitás,Yucatán,PENÍNSULA DE YUCATÁN,Península de Yucatán,4015.0,49.2620186668522,19.644,0.0,0.00672,1.80067
31031,Dzoncauich,Yucatán,PENÍNSULA DE YUCATÁN,Península de Yucatán,2818.0,51.2622940367818,7.122,0.0,0.0,8.4914
31032,Espita,Yucatán,PENÍNSULA DE YUCATÁN,Península de Yucatán,16779.0,52.251815023814,123.687,0.0,0.0,53.31209
31033,Halachó,Yucatán,PENÍNSULA DE YUCATÁN,Península de Yucatán,21255.0,52.1099507305459,499.675,0.0,0.02057,15.52639
31034,Hocabá,Yucatán,PENÍNSULA DE YUCATÁN,Península de Yucatán,6514.0,50.9666741662071,16.655,0.0,0.0,12.99152
31035,Hoctún,Yucatán,PENÍNSULA DE YUCATÁN,Península de Yucatán,6384.0,52.6601571389383,27.772,0.0,0.0,15.26802
31036,Homún,Yucatán,PENÍNSULA DE YUCATÁN,Península de Yucatán,8090.0,53.0303898657951,40.367,0.0,0.00506,4.18714
31037,Huhí,Yucatán,PENÍNSULA DE YUCATÁN,Península de Yucatán,5250.0,54.0880772842783,111.9,0.0,0.0,4.5862099999999995
31038,Hunucmá,Yucatán,PENÍNSULA DE YUCATÁN,Península de Yucatán,35137.0,54.4931812120775,2992.5299999999997,486.823,4.51182,21.05511
31039,Ixil,Yucatán,PENÍNSULA DE YUCATÁN,Península de Yucatán,4186.0,55.1057406418157,137.566,0.0,0.0,3.62912
31040,Izamal,Yucatán,PENÍNSULA DE YUCATÁN,Península de Yucatán,28555.0,55.0226455444762,718.156,0.0,0.16665,57.89148
31041,Kanasín,Yucatán,PENÍNSULA DE YUCATÁN,Península de Yucatán,141939.0,58.1220187891718,6776.391,0.0,0.64036,11.04518
31042,Kantunil,Yucatán,PENÍNSULA DE YUCATÁN,Península de Yucatán,5553.0,52.5371522522648,12.108,0.0,0.0,4.71232
31043,Kaua,Yucatán,PENÍNSULA DE YUCATÁN,Península de Yucatán,3405.0,51.9408331092958,12.547,0.0,0.00327,0.6829999999999999
31044,Kinchil,Yucatán,PENÍNSULA DE YUCATÁN,Península de Yucatán,7530.0,53.8417356501315,37.846,0.0,0.00104,7.13699
31045,Kopomá,Yucatán,PENÍNSULA DE YUCATÁN,Península de Yucatán,2677.0,54.6742960350614,6.835999999999999,0.0,0.06658,3.86382
31046,Mama,Yucatán,PENÍNSULA DE YUCATÁN,Península de Yucatán,3296.0,51.8632356982559,49.387,0.0,0.0,5.96992
31047,Maní,Yucatán,PENÍNSULA DE YUCATÁN,Península de Yucatán,5968.0,51.9982247690659,38.801,0.0,0.00074,20.81552
31048,Maxcanú,Yucatán,PENÍNSULA DE YUCATÁN,Península de Yucatán,23991.0,53.775413786013,252.519,0.0,0.34317,28.13559
31049,Mayapán,Yucatán,PENÍNSULA DE YUCATÁN,Península de Yucatán,3965.0,46.5053986922235,55.405,0.0,0.0,1.24327
31050,Mérida,Yucatán,PENÍNSULA DE YUCATÁN,Península de Yucatán,995129.0,59.9136202879157,51464.019,121.393,57.29145,66.47435999999999
31051,Mocochá,Yucatán,PENÍNSULA DE YUCATÁN,Península de Yucatán,3430.0,55.489157746077,84.753,0.0,0.00373,4.73846
31052,Motul,Yucatán,PENÍNSULA DE YUCATÁN,Península de Yucatán,37804.0,55.3838778121845,1237.225,0.0,0.04528,23.61538
31053,Muna,Yucatán,PENÍNSULA DE YUCATÁN,Península de Yucatán,13494.0,55.2898211359705,298.858,0.0,0.07814,42.05713
31054,Muxupip,Yucatán,PENÍNSULA DE YUCATÁN,Península de Yucatán,2990.0,53.9250031289327,6.415,0.0,0.4469,4.2661999999999995
31055,Opichén,Yucatán,PENÍNSULA DE YUCATÁN,Península de Yucatán,7080.0,53.7479749863579,22.436,0.0,0.0,6.92495
31056,Oxkutzcab,Yucatán,PENÍNSULA DE YUCATÁN,Península de Yucatán,33854.0,53.4986471068607,125.792,0.0,0.03722,93.16005
31057,Panabá,Yucatán,PENÍNSULA DE YUCATÁN,Península de Yucatán,7766.0,54.5529252086478,25.428,0.0,0.0,94.47287
31058,Peto,Yucatán,CERROS Y VALLES,Península de Yucatán,25954.0,53.4322397498304,108.339,0.0,0.0,46.4827
31059,Progreso,Yucatán,PENÍNSULA DE YUCATÁN,Península de Yucatán,66008.0,57.6372012213706,1076.3780000000002,2560.98,0.3827,4.75972
31060,Quintana Roo,Yucatán,PENÍNSULA DE YUCATÁN,Península de Yucatán,976.0,53.3604242980965,6.9430000000000005,0.0,0.0,0.22813
31061,Río Lagartos,Yucatán,PENÍNSULA DE YUCATÁN,Península de Yucatán,3974.0,54.1858680286034,905.661,170.914,0.21589,5.53477
31062,Sacalum,Yucatán,PENÍNSULA DE YUCATÁN,Península de Yucatán,4962.0,53.8611209868849,12.279,0.0,0.0,22.22813
31063,Samahil,Yucatán,PENÍNSULA DE YUCATÁN,Península de Yucatán,5631.0,53.7658150156367,20.003,0.0,0.00541,9.97963
31064,Sanahcat,Yucatán,PENÍNSULA DE YUCATÁN,Península de Yucatán,1701.0,53.8418070724091,11.203,0.0,0.0,4.88315
31066,Santa Elena,Yucatán,PENÍNSULA DE YUCATÁN,Península de Yucatán,4220.0,51.8906868964079,12.469,0.0,0.07424,14.08496
31067,Seyé,Yucatán,PENÍNSULA DE YUCATÁN,Península de Yucatán,10053.0,55.445318645897,64.577,0.0,0.02818,14.06878
31068,Sinanché,Yucatán,PENÍNSULA DE YUCATÁN,Península de Yucatán,3206.0,54.3185875212958,7.869,17.298,0.0,5.06982
31069,Sotuta,Yucatán,PENÍNSULA DE YUCATÁN,Península de Yucatán,8967.0,52.1657962742296,32.28,0.0,0.0,8.5258
31070,Sucilá,Yucatán,PENÍNSULA DE YUCATÁN,Península de Yucatán,3971.0,54.5580867667941,22.524,0.0,0.0,62.4599
31071,Sudzal,Yucatán,PENÍNSULA DE YUCATÁN,Península de Yucatán,1949.0,52.1308633542215,3.632,0.0,0.0,10.45162
31072,Suma,Yucatán,PENÍNSULA DE YUCATÁN,Península de Yucatán,1857.0,55.3705088828567,6.6899999999999995,0.0,0.00032,10.61692
31073,Tahdziú,Yucatán,PENÍNSULA DE YUCATÁN,Península de Yucatán,5854.0,49.4453324912743,53.557,0.0,0.0,2.05853
31074,Tahmek,Yucatán,PENÍNSULA DE YUCATÁN,Península de Yucatán,3774.0,53.4107347662162,14.194,0.0,0.0,6.49666
31075,Teabo,Yucatán,PENÍNSULA DE YUCATÁN,Península de Yucatán,6921.0,50.657433654324,85.062,0.0,0.00074,8.50968
31076,Tecoh,Yucatán,PENÍNSULA DE YUCATÁN,Península de Yucatán,17939.0,52.9894936634856,174.828,0.0,0.0,14.77822
31077,Tekal de Venegas,Yucatán,PENÍNSULA DE YUCATÁN,Península de Yucatán,2683.0,50.6677580363417,9.866,0.0,0.00091,17.40157
31078,Tekantó,Yucatán,PENÍNSULA DE YUCATÁN,Península de Yucatán,3747.0,52.699620408264,86.31,0.0,0.00091,5.02029
31079,Tekax,Yucatán,CERROS Y VALLES,Península de Yucatán,45062.0,53.7973245706733,706.729,0.0,0.12803,130.34883
31080,Tekit,Yucatán,PENÍNSULA DE YUCATÁN,Península de Yucatán,11020.0,54.1478164371423,569.61,0.0,0.0,11.53061
31081,Tekom,Yucatán,PENÍNSULA DE YUCATÁN,Península de Yucatán,3355.0,50.9301522867029,22.59,0.0,0.0,1.56535
31082,Telchac Pueblo,Yucatán,PENÍNSULA DE YUCATÁN,Península de Yucatán,3512.0,55.3705998474218,13.94,0.0,0.0,4.78755
31083,Telchac Puerto,Yucatán,PENÍNSULA DE YUCATÁN,Península de Yucatán,1915.0,55.268992057507,8.862,209.253,0.0,1.91301
31084,Temax,Yucatán,PENÍNSULA DE YUCATÁN,Península de Yucatán,7037.0,53.2971545292461,116.442,0.0,0.01323,22.78496
31085,Temozón,Yucatán,PENÍNSULA DE YUCATÁN,Península de Yucatán,16680.0,51.7476566748206,179.793,0.0,0.07837,31.96248
31086,Tepakán,Yucatán,PENÍNSULA DE YUCATÁN,Península de Yucatán,2133.0,50.617111523905,12.118,0.0,0.0001,4.40686
31087,Tetiz,Yucatán,PENÍNSULA DE YUCATÁN,Península de Yucatán,5464.0,51.1397437500784,15.799,0.0,0.0,5.50647
31088,Teya,Yucatán,PENÍNSULA DE YUCATÁN,Península de Yucatán,1917.0,52.5405473360637,7.359,0.0,0.0,2.40073
31089,Ticul,Yucatán,PENÍNSULA DE YUCATÁN,Península de Yucatán,40495.0,56.0262301483597,650.658,0.0,0.1735,59.76466
31090,Timucuy,Yucatán,PENÍNSULA DE YUCATÁN,Península de Yucatán,7503.0,51.8840725621149,11.276,0.0,0.0,4.0102199999999995
31091,Tinum,Yucatán,PENÍNSULA DE YUCATÁN,Península de Yucatán,12700.0,53.4527508801609,67.18599999999999,0.0,0.32419,4.20517
31092,Tixcacalcupul,Yucatán,PENÍNSULA DE YUCATÁN,Península de Yucatán,7888.0,48.9457723262077,19.627,0.0,0.0,6.38591
31093,Tixkokob,Yucatán,PENÍNSULA DE YUCATÁN,Península de Yucatán,18420.0,56.8232198029765,806.659,0.0,0.16275,13.04132
31094,Tixméhuac,Yucatán,PENÍNSULA DE YUCATÁN,Península de Yucatán,5444.0,50.5089680215383,32.503,0.0,0.00074,7.64874
31095,Tixpéhual,Yucatán,PENÍNSULA DE YUCATÁN,Península de Yucatán,5690.0,55.0001326669543,146.709,0.0,4.17191,6.84433
31096,Tizimín,Yucatán,PENÍNSULA DE YUCATÁN,Península de Yucatán,80672.0,53.4162083988111,955.686,147.968,0.39007,380.59596
31097,Tunkás,Yucatán,PENÍNSULA DE YUCATÁN,Península de Yucatán,3684.0,51.5400208621158,12.417,0.0,0.0,19.84104
31098,Tzucacab,Yucatán,CERROS Y VALLES,Península de Yucatán,15346.0,53.404542909139,63.114,0.0,0.0,102.80895
31099,Uayma,Yucatán,PENÍNSULA DE YUCATÁN,Península de Yucatán,4191.0,49.6852777840841,20.853,0.0,0.22173,2.53059
31100,Ucú,Yucatán,PENÍNSULA DE YUCATÁN,Península de Yucatán,4049.0,54.3792227958554,90.23,0.0,0.24282,1.16877
31101,Umán,Yucatán,PENÍNSULA DE YUCATÁN,Península de Yucatán,69147.0,57.1401154036144,18951.224,0.0,10.81898,27.13781
31102,Valladolid,Yucatán,PENÍNSULA DE YUCATÁN,Península de Yucatán,85460.0,54.5170751115967,1179.648,0.0,23.67844,23.245379999999997
31103,Xocchel,Yucatán,PENÍNSULA DE YUCATÁN,Península de Yucatán,3451.0,51.4620460751333,11.053,0.0,0.0,4.75854
31104,Yaxcabá,Yucatán,PENÍNSULA DE YUCATÁN,Península de Yucatán,16350.0,49.3282473222593,22.594,0.0,0.00259,10.3249
31105,Yaxkukul,Yucatán,PENÍNSULA DE YUCATÁN,Península de Yucatán,3293.0,55.8128582131954,21.002,0.0,0.0,1.23033
31106,Yobaín,Yucatán,PENÍNSULA DE YUCATÁN,Península de Yucatán,2215.0,54.3573427494902,4.724,33.708,0.0,7.06308
31238,Heroico San Martín de los Cansecos,Yucatán,PENÍNSULA DE YUCATÁN,,,,0.0,0.0,0.0,0.0
32001,Apozol,Zacatecas,JALPA-JUCHIPILA,Lerma-Santiago-Pacífico,6260.0,55.8369468594386,23.102,0.727,1.8929,16.682920000000003
32002,Apulco,Zacatecas,ENCARNACIÓN,Lerma-Santiago-Pacífico,4942.0,54.9584352941588,3.156,0.0,0.0,11.99294
32003,Atolinga,Zacatecas,TLALTENANGO-TEPECHITLÁN,Lerma-Santiago-Pacífico,2277.0,56.3166482612223,5.046,0.0,0.0,0.48651
32004,Benito Juárez,Zacatecas,TLALTENANGO-TEPECHITLÁN,Lerma-Santiago-Pacífico,4493.0,56.0659289901139,17.267,0.0,0.0,2.86605
32005,Calera,Zacatecas,JERÉZ,Cuencas Centrales del Norte,45759.0,58.5021418476113,47301.331,0.0,86.20313,47.68017
32006,Cañitas de Felipe Pescador,Zacatecas,AGUANAVAL,Cuencas Centrales del Norte,8255.0,57.4868772754336,37.248,0.0,0.0,6.4308
32007,Concepción del Oro,Zacatecas,EL SALVADOR,Cuencas Centrales del Norte,12115.0,58.091735398705,15.592,0.0,10.95564,8.92079
32008,Cuauhtémoc,Zacatecas,VALLE DE AGUASCALIENTES,Lerma-Santiago-Pacífico,13466.0,56.523245295041,35.085,0.0,0.0,13.49062
32009,Chalchihuites,Zacatecas,SAN PEDRO-TUXPAN,Pacífico Norte,10086.0,56.0677832371266,18.675,0.0,4.10746,9.80826
32010,Fresnillo,Zacatecas,CORRALES,Cuencas Centrales del Norte,240532.0,58.0156378810876,8099.87,0.982,76.63468,281.33148
32011,Trinidad García de la Cadena,Zacatecas,GARCÍA DE LA CADENA,Lerma-Santiago-Pacífico,3362.0,56.5318720947488,10.474,0.0,0.0,6.00274
32012,Genaro Codina,Zacatecas,JALPA-JUCHIPILA,Lerma-Santiago-Pacífico,8168.0,54.0866108312078,3.499,0.0,0.0,3.30704
32013,General Enrique Estrada,Zacatecas,CALERA,Cuencas Centrales del Norte,6644.0,56.5051037229595,184.76200000000003,0.0,12.56076,19.14429
32014,General Francisco R. Murguía,Zacatecas,GUADALUPE DE LAS CORRIENTES,Cuencas Centrales del Norte,20191.0,56.3053100855622,29.763,0.0,0.0,18.93385
32015,El Plateado de Joaquín Amaro,Zacatecas,JALPA-JUCHIPILA,Lerma-Santiago-Pacífico,1579.0,55.2293121333621,0.724,0.0,0.0,0.2218899999999999
32016,General Pánfilo Natera,Zacatecas,OJOCALIENTE,Cuencas Centrales del Norte,23526.0,54.984672540717,61.74100000000001,0.0,11.12724,25.79379
32018,Huanusco,Zacatecas,ENCARNACIÓN,Lerma-Santiago-Pacífico,4547.0,55.7099032382257,8.522,0.0,0.0,20.02186
32019,Jalpa,Zacatecas,ENCARNACIÓN,Lerma-Santiago-Pacífico,25296.0,57.4091916850675,140.596,4.115,0.02222,43.09393
32020,Jerez,Zacatecas,VILLANUEVA,Lerma-Santiago-Pacífico,59910.0,58.3051129047624,1138.251,1.035,0.43011,59.7481
32021,Jiménez del Teul,Zacatecas,VALLE SANTIAGO-SAN BLAS,Lerma-Santiago-Pacífico,4465.0,51.6941690263279,2.911,0.0,0.0,0.07074
32022,Juan Aldama,Zacatecas,EL PALMAR,Cuencas Centrales del Norte,19749.0,57.6334323911871,106.681,0.0,0.08106,12.64428
32023,Juchipila,Zacatecas,NOCHISTLÁN,Lerma-Santiago-Pacífico,12251.0,57.7246132752812,68.822,0.0,0.01776,3.12402
32024,Loreto,Zacatecas,PINOS,Cuencas Centrales del Norte,53709.0,57.4878453167782,279.454,0.0,0.0,67.02237
32025,Luis Moya,Zacatecas,VALLE DE AGUASCALIENTES,Lerma-Santiago-Pacífico,13184.0,57.0955779967321,1071.66,0.0,0.21989,19.3255
32026,Mazapil,Zacatecas,GUADALUPE DE LAS CORRIENTES,Cuencas Centrales del Norte,17774.0,53.942804550421,15.007,0.0,244.15445,39.73228
32027,Melchor Ocampo,Zacatecas,GUADALUPE GARZARÓN,Cuencas Centrales del Norte,2736.0,54.2063800946685,0.0,0.0,8.88921,22.49122
32028,Mezquital del Oro,Zacatecas,LOS PUENTES,Lerma-Santiago-Pacífico,2451.0,55.5519898024995,3.4170000000000003,0.0,0.0,3.47149
32029,Miguel Auza,Zacatecas,HIDALGO,Cuencas Centrales del Norte,23713.0,57.5407174343056,1145.813,1.106,0.27648,38.01594
32030,Momax,Zacatecas,JALPA-JUCHIPILA,Lerma-Santiago-Pacífico,2446.0,56.4136637416333,13.954,0.0,0.0,14.20425
32031,Monte Escobedo,Zacatecas,MEZQUITIC,Lerma-Santiago-Pacífico,8683.0,56.0908848267684,26.41,0.0,0.00042,12.32661
32033,Moyahua de Estrada,Zacatecas,LOS PUENTES,Lerma-Santiago-Pacífico,4530.0,55.9501793832225,9.546,0.6140000000000001,0.0,5.519970000000001
32034,Nochistlán de Mejía,Zacatecas,ENCARNACIÓN,Lerma-Santiago-Pacífico,27945.0,57.6771504130737,118.526,0.0,0.00678,12.31515
32035,Noria de Ángeles,Zacatecas,VILLA HIDALGO,Cuencas Centrales del Norte,16284.0,55.2669970443873,2.858,0.0,3.12038,29.57401
32036,Ojocaliente,Zacatecas,LORETO,Lerma-Santiago-Pacífico,44144.0,56.4313744592673,1628.777,0.0,0.48415,34.24219
32038,Pinos,Zacatecas,OCAMPO,Cuencas Centrales del Norte,72241.0,54.2747962240987,90.02799999999999,0.0,0.09519,33.715909999999994
32039,Río Grande,Zacatecas,AGUANAVAL,Cuencas Centrales del Norte,64535.0,57.6814077850477,700.105,0.0,0.18864,21.54435
32040,Sain Alto,Zacatecas,AGUANAVAL,Cuencas Centrales del Norte,21844.0,55.8668873250988,21.834,0.5549999999999999,0.0,28.47524
32041,El Salvador,Zacatecas,VANEGAS-CATORCE,Cuencas Centrales del Norte,2509.0,52.5728580397351,1.765,0.0,0.0,2.16553
32042,Sombrerete,Zacatecas,CORRALES,Pacífico Norte,63665.0,57.2527914433674,781.121,0.034,13.6101,23.32416
32043,Susticacán,Zacatecas,VALPARAÍSO,Lerma-Santiago-Pacífico,1365.0,54.5594454259276,2.173,0.0,0.0,3.2626
32044,Tabasco,Zacatecas,JALPA-JUCHIPILA,Lerma-Santiago-Pacífico,16588.0,56.7716067832619,720.789,5.9110000000000005,0.08213,32.219550000000005
32045,Tepechitlán,Zacatecas,JALPA-JUCHIPILA,Lerma-Santiago-Pacífico,8321.0,56.4735109575509,26.011,5.088,0.0,25.05665
32046,Tepetongo,Zacatecas,COLOTLÁN,Lerma-Santiago-Pacífico,6490.0,55.6653788450576,6.82,0.0,0.0,21.227919999999997
32047,Teúl de González Ortega,Zacatecas,GARCÍA DE LA CADENA,Lerma-Santiago-Pacífico,5356.0,56.9215124815505,39.953,0.942,0.03215,9.95657
32048,Tlaltenango de Sánchez Román,Zacatecas,JALPA-JUCHIPILA,Lerma-Santiago-Pacífico,27302.0,57.5596733436326,132.807,0.0,0.0,14.56732
32049,Valparaíso,Zacatecas,VALLE SANTIAGO-SAN BLAS,Lerma-Santiago-Pacífico,32461.0,54.7415027947388,75.451,2.074,0.00076,27.50199
32050,Vetagrande,Zacatecas,GUADALUPE BAÑUELOS,Cuencas Centrales del Norte,10276.0,56.1901174668915,11.841,0.0,0.0,8.71881
32051,Villa de Cos,Zacatecas,CALERA,Cuencas Centrales del Norte,34623.0,55.7077961430648,50.332,0.0,0.0,135.98866
32052,Villa García,Zacatecas,PRIMO VERDAD,Lerma-Santiago-Pacífico,19525.0,57.3528509139622,67.846,0.0,0.00104,11.9126
32053,Villa González Ortega,Zacatecas,VILLA HIDALGO,Cuencas Centrales del Norte,13208.0,56.4519056192696,23.380000000000003,0.0,0.0,6.65227
32055,Villanueva,Zacatecas,JALPA-JUCHIPILA,Lerma-Santiago-Pacífico,31558.0,56.7470582490846,137.308,11.014,0.09696,46.76006
32056,Zacatecas,Zacatecas,JERÉZ,Cuencas Centrales del Norte,149607.0,60.1761907534925,1602.104,0.0,1.02173,22.46211
32057,Trancoso,Zacatecas,OJOCALIENTE,Cuencas Centrales del Norte,20455.0,56.9580726388201,48.695,0.0,0.0,8.91514
32058,Santa María de la Paz,Zacatecas,JALPA-JUCHIPILA,Lerma-Santiago-Pacífico,2767.0,56.0558028216658,9.198,0.008,0.0,0.81189
32116,Villa Hidalgo,Zacatecas,PINOS,,,,0.0,0.0,0.0,0.0
32123,Pánuco,Zacatecas,CALERA,,,,0.0,0.0,0.0,0.0
